Date,Hill,Category,Name,Difficulty,Pricing
2024-08-27 12:00:00,Fernie,Skiing,Night Skiing Experience,Casual,100
2024-12-21 13:00:00,Fernie,Apres-Ski,Ski Resort Wine Tasting,Casual,30
2024-07-12 10:00:00,Fernie,Mountain Adventure,Snowshoeing Expedition,Casual,55
2024-04-08 12:00:00,Fernie,Mountain Adventure,Snowshoeing Expedition,Casual,55
2023-07-14 16:00:00,Fernie,Mountain Adventure,Ski Resort Charity Event,Casual,55
2023-10-29 14:00:00,Fernie,Mountain Dining,Torchlight Parade,Casual,50
2024-06-05 10:00:00,Fernie,Ski Equipment,Ski Instructor Workshop,Casual,75
2024-07-12 12:00:00,Fernie,Mountain Dining,Mountain Restaurant Tasting,Casual,50
2024-07-31 10:00:00,Fernie,Mountain Adventure,Ski Resort Charity Event,Casual,55
2025-02-25 16:00:00,Fernie,Mountain Dining,Torchlight Parade,Casual,50
2024-06-20 09:00:00,Fernie,Apres-Ski,Ski Resort Wine Tasting,Casual,30
2024-11-26 16:00:00,Fernie,Ski Competitions,Ski Cross Competition,Casual,120
2024-01-11 15:00:00,Fernie,Mountain Dining,Mountain Restaurant Tasting,Casual,50
2024-09-12 13:00:00,Fernie,Skiing,Ski Marathon,Casual,100
2023-10-04 12:00:00,Fernie,Ski Equipment,Ski Gear Expo,Casual,75
2024-09-23 16:00:00,Fernie,Safety Lessons,Ski Patrol Demonstration,Casual,25
2023-08-18 10:00:00,Fernie,Skiing,Ski and Snowboard Festival,Casual,100
2023-09-13 15:00:00,Fernie,Mountain Adventure,Ski Resort Charity Event,Casual,55
2024-05-21 11:00:00,Fernie,Safety Lessons,Ski Patrol Demonstration,Casual,25
2024-08-01 11:00:00,Fernie,Mountain Adventure,Snowshoeing Expedition,Casual,55
2024-01-02 12:00:00,Fernie,Apres-Ski,Ski Resort Wine Tasting,Casual,30
2025-02-05 10:00:00,Fernie,Ski Competitions,Ski Cross Competition,Casual,120
2023-11-15 14:00:00,Fernie,Safety Lessons,Ski Patrol Demonstration,Casual,25
2024-08-13 14:00:00,Fernie,Ski Equipment,Ski Gear Expo,Casual,75
2024-09-03 16:00:00,Fernie,Skiing,Ski Marathon,Casual,100
2024-08-24 16:00:00,Fernie,Mountain Dining,Mountain Restaurant Tasting,Casual,50
2024-07-20 13:00:00,Fernie,Mountain Dining,Torchlight Parade,Casual,50
2023-09-17 13:00:00,Fernie,Apres-Ski,Ski Resort Wine Tasting,Casual,30
2023-08-02 15:00:00,Fernie,Mountain Adventure,Ski Resort Charity Event,Casual,55
2025-02-06 11:00:00,Fernie,Apres-Ski,Ski Resort Wine Tasting,Casual,30
2024-03-18 13:00:00,Fernie,Apres-Ski,Apres-Ski Party,Casual,30
2024-10-29 13:00:00,Fernie,Skiing,Night Skiing Experience,Casual,100
2025-01-07 10:00:00,Fernie,Safety Lessons,Ski Patrol Demonstration,Casual,25
2024-03-16 13:00:00,Fernie,Ski Competitions,Ski Cross Competition,Casual,120
2024-02-01 12:00:00,Fernie,Ski Equipment,Ski Gear Expo,Casual,75
2023-08-09 15:00:00,Fernie,Skiing,Night Skiing Experience,Casual,100
2024-11-13 13:00:00,Fernie,Mountain Dining,Torchlight Parade,Casual,50
2025-02-01 14:00:00,Fernie,Safety Lessons,Ski Patrol Demonstration,Casual,25
2024-10-14 15:00:00,Fernie,Mountain Dining,Torchlight Parade,Casual,50
2023-11-06 12:00:00,Fernie,Snowboarding,Ski Gear Swap,Casual,100
2024-10-05 10:00:00,Fernie,Skiing Lessons,Beginner Skiing Lessons,Beginner,70
2024-12-27 11:00:00,Fernie,Skiing Lessons,Beginner Skiing Lessons,Beginner,70
2023-10-21 15:00:00,Fernie,Skiing Lessons,Beginner Skiing Lessons,Beginner,70
2023-10-03 14:00:00,Fernie,Skiing Lessons,Beginner Skiing Lessons,Beginner,70
2023-08-11 13:00:00,Fernie,Skiing Lessons,Beginner Skiing Lessons,Beginner,70
2024-11-11 12:00:00,Fernie,Skiing Lessons,Intermediate Skiing Lessons,Intermediate,70
2023-04-23 11:00:00,Fernie,Skiing Lessons,Intermediate Skiing Lessons,Intermediate,70
2023-08-06 12:00:00,Fernie,Skiing Lessons,Intermediate Skiing Lessons,Intermediate,70
2024-10-20 15:00:00,Fernie,Skiing Lessons,Intermediate Skiing Lessons,Intermediate,70
2024-05-18 14:00:00,Fernie,Skiing Lessons,Intermediate Skiing Lessons,Intermediate,70
2024-09-14 14:00:00,Fernie,Skiing Lessons,Advanced Skiing Lessons,Advanced,70
2024-01-06 15:00:00,Fernie,Skiing Lessons,Advanced Skiing Lessons,Advanced,70
2024-02-29 14:00:00,Fernie,Skiing Lessons,Advanced Skiing Lessons,Advanced,70
2023-11-07 09:00:00,Fernie,Skiing Lessons,Advanced Skiing Lessons,Advanced,70
2025-02-25 14:00:00,Fernie,Skiing Lessons,Advanced Skiing Lessons,Advanced,70
2024-10-12 11:00:00,Fernie,Snowboarding Lessons,Beginner Snowboarding Lessons,Beginner,70
2023-09-15 10:00:00,Fernie,Snowboarding Lessons,Beginner Snowboarding Lessons,Beginner,70
2024-10-20 16:00:00,Fernie,Snowboarding Lessons,Beginner Snowboarding Lessons,Beginner,70
2024-01-17 11:00:00,Fernie,Snowboarding Lessons,Beginner Snowboarding Lessons,Beginner,70
2023-04-04 14:00:00,Fernie,Snowboarding Lessons,Beginner Snowboarding Lessons,Beginner,70
2024-01-22 13:00:00,Fernie,Snowboarding Lessons,Intermediate Snowboarding Lessons,Intermediate,70
2023-10-31 10:00:00,Fernie,Snowboarding Lessons,Intermediate Snowboarding Lessons,Intermediate,70
2024-06-19 13:00:00,Fernie,Snowboarding Lessons,Intermediate Snowboarding Lessons,Intermediate,70
2023-07-08 13:00:00,Fernie,Snowboarding Lessons,Intermediate Snowboarding Lessons,Intermediate,70
2024-07-18 14:00:00,Fernie,Snowboarding Lessons,Intermediate Snowboarding Lessons,Intermediate,70
2024-05-25 12:00:00,Fernie,Snowboarding Lessons,Advanced Snowboarding Lessons,Advanced,70
2023-12-30 11:00:00,Fernie,Snowboarding Lessons,Advanced Snowboarding Lessons,Advanced,70
2023-05-21 10:00:00,Fernie,Snowboarding Lessons,Advanced Snowboarding Lessons,Advanced,70
2023-09-24 16:00:00,Fernie,Snowboarding Lessons,Advanced Snowboarding Lessons,Advanced,70
2024-05-26 11:00:00,Fernie,Snowboarding Lessons,Advanced Snowboarding Lessons,Advanced,70
2024-11-18 11:00:00,Fernie,Ski Racing Lessons,Beginner Ski Racing Lessons,Beginner,100
2024-09-18 13:00:00,Fernie,Ski Racing Lessons,Beginner Ski Racing Lessons,Beginner,100
2024-03-30 09:00:00,Fernie,Ski Racing Lessons,Beginner Ski Racing Lessons,Beginner,100
2024-07-10 10:00:00,Fernie,Ski Racing Lessons,Beginner Ski Racing Lessons,Beginner,100
2024-01-03 09:00:00,Fernie,Ski Racing Lessons,Beginner Ski Racing Lessons,Beginner,100
2023-05-05 09:00:00,Fernie,Ski Racing Lessons,Intermediate Ski Racing Lessons,Intermediate,100
2023-12-15 16:00:00,Fernie,Ski Racing Lessons,Intermediate Ski Racing Lessons,Intermediate,100
2024-07-11 12:00:00,Fernie,Ski Racing Lessons,Intermediate Ski Racing Lessons,Intermediate,100
2024-11-10 13:00:00,Fernie,Ski Racing Lessons,Intermediate Ski Racing Lessons,Intermediate,100
2024-09-22 15:00:00,Fernie,Ski Racing Lessons,Intermediate Ski Racing Lessons,Intermediate,100
2024-01-11 11:00:00,Fernie,Ski Racing Lessons,Advanced Ski Racing Lessons,Advanced,100
2024-02-15 11:00:00,Fernie,Ski Racing Lessons,Advanced Ski Racing Lessons,Advanced,100
2024-06-12 11:00:00,Fernie,Ski Racing Lessons,Advanced Ski Racing Lessons,Advanced,100
2024-10-21 14:00:00,Fernie,Ski Racing Lessons,Advanced Ski Racing Lessons,Advanced,100
2024-03-24 09:00:00,Fernie,Ski Racing Lessons,Advanced Ski Racing Lessons,Advanced,100
2023-12-19 14:00:00,Kickinghorse,Mountain Dining,Torchlight Parade,Casual,50
2023-05-19 15:00:00,Kickinghorse,Apres-Ski,Apres-Ski Party,Casual,30
2024-10-16 11:00:00,Kickinghorse,Snowboarding,Ski Gear Swap,Casual,100
2023-11-06 15:00:00,Kickinghorse,Snowboarding,Ski-In Movie Night,Casual,100
2023-12-01 13:00:00,Kickinghorse,Skiing,Ski and Snowboard Festival,Casual,100
2024-07-06 11:00:00,Kickinghorse,Ski Equipment,Ski Gear Expo,Casual,75
2023-09-03 16:00:00,Kickinghorse,Skiing,Ski and Snowboard Festival,Casual,100
2024-05-15 13:00:00,Kickinghorse,Safety Lessons,Ski Patrol Demonstration,Casual,25
2023-08-17 15:00:00,Kickinghorse,Mountain Dining,Torchlight Parade,Casual,50
2024-12-01 14:00:00,Kickinghorse,Ski Competitions,Ski Cross Competition,Casual,120
2025-03-14 11:00:00,Kickinghorse,Apres-Ski,Ski Resort Wine Tasting,Casual,30
2024-07-08 12:00:00,Kickinghorse,Ski Competitions,Ski Cross Competition,Casual,120
2024-03-23 11:00:00,Kickinghorse,Safety Lessons,Ski Patrol Demonstration,Casual,25
2024-04-28 12:00:00,Kickinghorse,Snowboarding,Ski Gear Swap,Casual,100
2024-04-22 15:00:00,Kickinghorse,Safety Lessons,Ski Patrol Demonstration,Casual,25
2023-07-28 14:00:00,Kickinghorse,Ski Equipment,Ski Gear Expo,Casual,75
2024-03-01 16:00:00,Kickinghorse,Mountain Dining,Torchlight Parade,Casual,50
2024-02-28 16:00:00,Kickinghorse,Snowboarding,Ski-In Movie Night,Casual,100
2024-07-08 12:00:00,Kickinghorse,Mountain Dining,Torchlight Parade,Casual,50
2024-03-16 12:00:00,Kickinghorse,Snowboarding,Ski-In Movie Night,Casual,100
2023-12-08 14:00:00,Kickinghorse,Safety Lessons,Ski Patrol Demonstration,Casual,25
2024-07-01 12:00:00,Kickinghorse,Mountain Adventure,Snowshoeing Expedition,Casual,55
2024-04-28 16:00:00,Kickinghorse,Mountain Adventure,Ski Resort Charity Event,Casual,55
2024-01-22 09:00:00,Kickinghorse,Ski Equipment,Ski Instructor Workshop,Casual,75
2024-10-08 16:00:00,Kickinghorse,Ski Equipment,Ski Instructor Workshop,Casual,75
2023-07-15 16:00:00,Kickinghorse,Mountain Adventure,Snowshoeing Expedition,Casual,55
2024-06-13 10:00:00,Kickinghorse,Safety Lessons,Ski Patrol Demonstration,Casual,25
2024-05-14 16:00:00,Kickinghorse,Ski Equipment,Ski Gear Expo,Casual,75
2025-01-05 16:00:00,Kickinghorse,Safety Lessons,Ski Patrol Demonstration,Casual,25
2023-12-28 13:00:00,Kickinghorse,Mountain Adventure,Ski Resort Charity Event,Casual,55
2024-11-12 16:00:00,Kickinghorse,Mountain Dining,Mountain Restaurant Tasting,Casual,50
2023-10-26 13:00:00,Kickinghorse,Ski Equipment,Ski Gear Expo,Casual,75
2023-04-08 14:00:00,Kickinghorse,Skiing,Night Skiing Experience,Casual,100
2024-02-15 15:00:00,Kickinghorse,Mountain Dining,Mountain Restaurant Tasting,Casual,50
2025-01-06 09:00:00,Kickinghorse,Mountain Adventure,Ski Resort Charity Event,Casual,55
2023-07-04 09:00:00,Kickinghorse,Safety Lessons,Ski Patrol Demonstration,Casual,25
2023-09-27 16:00:00,Kickinghorse,Snowboarding,Ski Gear Swap,Casual,100
2024-08-12 14:00:00,Kickinghorse,Snowboarding,Ski-In Movie Night,Casual,100
2025-01-16 12:00:00,Kickinghorse,Apres-Ski,Ski Resort Wine Tasting,Casual,30
2024-11-19 13:00:00,Kickinghorse,Ski Equipment,Ski Gear Expo,Casual,75
2023-05-03 09:00:00,Kickinghorse,Skiing Lessons,Beginner Skiing Lessons,Beginner,70
2023-07-09 14:00:00,Kickinghorse,Skiing Lessons,Beginner Skiing Lessons,Beginner,70
2024-06-20 11:00:00,Kickinghorse,Skiing Lessons,Beginner Skiing Lessons,Beginner,70
2024-11-20 13:00:00,Kickinghorse,Skiing Lessons,Beginner Skiing Lessons,Beginner,70
2024-04-03 14:00:00,Kickinghorse,Skiing Lessons,Beginner Skiing Lessons,Beginner,70
2024-07-24 13:00:00,Kickinghorse,Skiing Lessons,Intermediate Skiing Lessons,Intermediate,70
2025-01-13 12:00:00,Kickinghorse,Skiing Lessons,Intermediate Skiing Lessons,Intermediate,70
2023-11-29 16:00:00,Kickinghorse,Skiing Lessons,Intermediate Skiing Lessons,Intermediate,70
2023-08-07 12:00:00,Kickinghorse,Skiing Lessons,Intermediate Skiing Lessons,Intermediate,70
2024-12-17 09:00:00,Kickinghorse,Skiing Lessons,Intermediate Skiing Lessons,Intermediate,70
2024-10-09 09:00:00,Kickinghorse,Skiing Lessons,Advanced Skiing Lessons,Advanced,70
2024-09-30 14:00:00,Kickinghorse,Skiing Lessons,Advanced Skiing Lessons,Advanced,70
2024-02-10 15:00:00,Kickinghorse,Skiing Lessons,Advanced Skiing Lessons,Advanced,70
2023-04-09 12:00:00,Kickinghorse,Skiing Lessons,Advanced Skiing Lessons,Advanced,70
2024-11-10 10:00:00,Kickinghorse,Skiing Lessons,Advanced Skiing Lessons,Advanced,70
2025-02-02 11:00:00,Kickinghorse,Snowboarding Lessons,Beginner Snowboarding Lessons,Beginner,70
2023-06-23 13:00:00,Kickinghorse,Snowboarding Lessons,Beginner Snowboarding Lessons,Beginner,70
2023-06-04 10:00:00,Kickinghorse,Snowboarding Lessons,Beginner Snowboarding Lessons,Beginner,70
2023-05-20 11:00:00,Kickinghorse,Snowboarding Lessons,Beginner Snowboarding Lessons,Beginner,70
2024-06-27 15:00:00,Kickinghorse,Snowboarding Lessons,Beginner Snowboarding Lessons,Beginner,70
2024-05-11 11:00:00,Kickinghorse,Snowboarding Lessons,Intermediate Snowboarding Lessons,Intermediate,70
2023-08-30 16:00:00,Kickinghorse,Snowboarding Lessons,Intermediate Snowboarding Lessons,Intermediate,70
2024-01-15 14:00:00,Kickinghorse,Snowboarding Lessons,Intermediate Snowboarding Lessons,Intermediate,70
2024-10-11 13:00:00,Kickinghorse,Snowboarding Lessons,Intermediate Snowboarding Lessons,Intermediate,70
2023-06-30 11:00:00,Kickinghorse,Snowboarding Lessons,Intermediate Snowboarding Lessons,Intermediate,70
2023-10-26 12:00:00,Kickinghorse,Snowboarding Lessons,Advanced Snowboarding Lessons,Advanced,70
2023-12-17 09:00:00,Kickinghorse,Snowboarding Lessons,Advanced Snowboarding Lessons,Advanced,70
2024-08-02 13:00:00,Kickinghorse,Snowboarding Lessons,Advanced Snowboarding Lessons,Advanced,70
2024-05-20 16:00:00,Kickinghorse,Snowboarding Lessons,Advanced Snowboarding Lessons,Advanced,70
2023-06-06 13:00:00,Kickinghorse,Snowboarding Lessons,Advanced Snowboarding Lessons,Advanced,70
2024-01-31 10:00:00,Kickinghorse,Ski Racing Lessons,Beginner Ski Racing Lessons,Beginner,100
2024-06-21 13:00:00,Kickinghorse,Ski Racing Lessons,Beginner Ski Racing Lessons,Beginner,100
2023-08-30 15:00:00,Kickinghorse,Ski Racing Lessons,Beginner Ski Racing Lessons,Beginner,100
2024-05-09 10:00:00,Kickinghorse,Ski Racing Lessons,Beginner Ski Racing Lessons,Beginner,100
2024-09-03 13:00:00,Kickinghorse,Ski Racing Lessons,Beginner Ski Racing Lessons,Beginner,100
2023-10-09 11:00:00,Kickinghorse,Ski Racing Lessons,Intermediate Ski Racing Lessons,Intermediate,100
2024-11-02 12:00:00,Kickinghorse,Ski Racing Lessons,Intermediate Ski Racing Lessons,Intermediate,100
2023-08-19 09:00:00,Kickinghorse,Ski Racing Lessons,Intermediate Ski Racing Lessons,Intermediate,100
2023-06-25 10:00:00,Kickinghorse,Ski Racing Lessons,Intermediate Ski Racing Lessons,Intermediate,100
2025-03-13 12:00:00,Kickinghorse,Ski Racing Lessons,Intermediate Ski Racing Lessons,Intermediate,100
2024-02-08 13:00:00,Kickinghorse,Ski Racing Lessons,Advanced Ski Racing Lessons,Advanced,100
2024-07-13 15:00:00,Kickinghorse,Ski Racing Lessons,Advanced Ski Racing Lessons,Advanced,100
2024-07-19 12:00:00,Kickinghorse,Ski Racing Lessons,Advanced Ski Racing Lessons,Advanced,100
2024-10-13 16:00:00,Kickinghorse,Ski Racing Lessons,Advanced Ski Racing Lessons,Advanced,100
2024-09-14 12:00:00,Kickinghorse,Ski Racing Lessons,Advanced Ski Racing Lessons,Advanced,100
2023-08-18 11:00:00,Nakiska,Safety Lessons,Ski Patrol Demonstration,Casual,25
2024-03-11 14:00:00,Nakiska,Skiing,Night Skiing Experience,Casual,100
2023-04-02 12:00:00,Nakiska,Mountain Dining,Mountain Restaurant Tasting,Casual,50
2023-10-31 14:00:00,Nakiska,Ski Equipment,Ski Instructor Workshop,Casual,75
2024-11-05 11:00:00,Nakiska,Mountain Dining,Mountain Restaurant Tasting,Casual,50
2024-12-22 11:00:00,Nakiska,Snowboarding,Ski-In Movie Night,Casual,100
2024-11-19 12:00:00,Nakiska,Skiing,Ski Hill Photography Workshop,Casual,100
2023-07-20 12:00:00,Nakiska,Ski Competitions,Ski Cross Competition,Casual,120
2023-10-28 15:00:00,Nakiska,Apres-Ski,Apres-Ski Party,Casual,30
2023-09-13 09:00:00,Nakiska,Mountain Adventure,Ski Resort Charity Event,Casual,55
2024-02-16 15:00:00,Nakiska,Apres-Ski,Ski Resort Wine Tasting,Casual,30
2023-11-16 09:00:00,Nakiska,Snowboarding,Ski-In Movie Night,Casual,100
2024-03-19 16:00:00,Nakiska,Apres-Ski,Apres-Ski Party,Casual,30
2024-05-16 16:00:00,Nakiska,Snowboarding,Snow Sculpture Contest,Casual,100
2023-08-01 12:00:00,Nakiska,Apres-Ski,Apres-Ski Party,Casual,30
2023-09-24 15:00:00,Nakiska,Safety Lessons,Ski Patrol Demonstration,Casual,25
2023-05-01 15:00:00,Nakiska,Skiing,Night Skiing Experience,Casual,100
2024-05-23 10:00:00,Nakiska,Ski Competitions,Ski Cross Competition,Casual,120
2024-08-22 12:00:00,Nakiska,Ski Competitions,Ski Cross Competition,Casual,120
2023-04-01 14:00:00,Nakiska,Ski Equipment,Ski Gear Expo,Casual,75
2024-09-16 16:00:00,Nakiska,Snowboarding,Ski-In Movie Night,Casual,100
2024-06-06 10:00:00,Nakiska,Mountain Adventure,Ski Resort Charity Event,Casual,55
2024-03-31 14:00:00,Nakiska,Safety Lessons,Ski Patrol Demonstration,Casual,25
2023-06-19 14:00:00,Nakiska,Skiing,Ski and Snowboard Festival,Casual,100
2023-07-28 16:00:00,Nakiska,Mountain Adventure,Snowshoeing Expedition,Casual,55
2024-03-02 14:00:00,Nakiska,Mountain Dining,Torchlight Parade,Casual,50
2025-01-06 10:00:00,Nakiska,Apres-Ski,Ski Resort Wine Tasting,Casual,30
2023-07-06 11:00:00,Nakiska,Mountain Adventure,Ski Resort Charity Event,Casual,55
2023-09-03 14:00:00,Nakiska,Ski Competitions,Ski Cross Competition,Casual,120
2023-03-23 11:00:00,Nakiska,Skiing,Ski Hill Photography Workshop,Casual,100
2024-10-05 10:00:00,Nakiska,Ski Competitions,Ski Cross Competition,Casual,120
2024-12-21 15:00:00,Nakiska,Skiing,Ski Marathon,Casual,100
2023-05-02 12:00:00,Nakiska,Snowboarding,Ski Gear Swap,Casual,100
2024-12-09 10:00:00,Nakiska,Apres-Ski,Apres-Ski Party,Casual,30
2023-05-11 13:00:00,Nakiska,Mountain Adventure,Ski Resort Charity Event,Casual,55
2024-01-11 13:00:00,Nakiska,Snowboarding,Ski Gear Swap,Casual,100
2023-10-08 11:00:00,Nakiska,Apres-Ski,Ski Resort Wine Tasting,Casual,30
2023-09-12 16:00:00,Nakiska,Ski Competitions,Ski Cross Competition,Casual,120
2024-09-30 14:00:00,Nakiska,Snowboarding,Ski Gear Swap,Casual,100
2023-06-09 11:00:00,Nakiska,Mountain Dining,Mountain Restaurant Tasting,Casual,50
2024-06-25 11:00:00,Nakiska,Skiing Lessons,Beginner Skiing Lessons,Beginner,70
2024-05-19 15:00:00,Nakiska,Skiing Lessons,Beginner Skiing Lessons,Beginner,70
2024-11-01 11:00:00,Nakiska,Skiing Lessons,Beginner Skiing Lessons,Beginner,70
2024-08-12 09:00:00,Nakiska,Skiing Lessons,Beginner Skiing Lessons,Beginner,70
2023-12-09 12:00:00,Nakiska,Skiing Lessons,Beginner Skiing Lessons,Beginner,70
2024-11-15 15:00:00,Nakiska,Skiing Lessons,Intermediate Skiing Lessons,Intermediate,70
2023-10-04 11:00:00,Nakiska,Skiing Lessons,Intermediate Skiing Lessons,Intermediate,70
2023-08-03 16:00:00,Nakiska,Skiing Lessons,Intermediate Skiing Lessons,Intermediate,70
2024-08-16 12:00:00,Nakiska,Skiing Lessons,Intermediate Skiing Lessons,Intermediate,70
2023-03-24 15:00:00,Nakiska,Skiing Lessons,Intermediate Skiing Lessons,Intermediate,70
2023-10-08 15:00:00,Nakiska,Skiing Lessons,Advanced Skiing Lessons,Advanced,70
2025-03-13 16:00:00,Nakiska,Skiing Lessons,Advanced Skiing Lessons,Advanced,70
2023-07-29 10:00:00,Nakiska,Skiing Lessons,Advanced Skiing Lessons,Advanced,70
2024-02-10 09:00:00,Nakiska,Skiing Lessons,Advanced Skiing Lessons,Advanced,70
2025-02-22 09:00:00,Nakiska,Skiing Lessons,Advanced Skiing Lessons,Advanced,70
2024-09-21 14:00:00,Nakiska,Snowboarding Lessons,Beginner Snowboarding Lessons,Beginner,70
2025-03-03 09:00:00,Nakiska,Snowboarding Lessons,Beginner Snowboarding Lessons,Beginner,70
2024-01-20 14:00:00,Nakiska,Snowboarding Lessons,Beginner Snowboarding Lessons,Beginner,70
2025-02-08 10:00:00,Nakiska,Snowboarding Lessons,Beginner Snowboarding Lessons,Beginner,70
2024-04-12 09:00:00,Nakiska,Snowboarding Lessons,Beginner Snowboarding Lessons,Beginner,70
2024-11-26 14:00:00,Nakiska,Snowboarding Lessons,Intermediate Snowboarding Lessons,Intermediate,70
2023-08-30 16:00:00,Nakiska,Snowboarding Lessons,Intermediate Snowboarding Lessons,Intermediate,70
2024-09-04 12:00:00,Nakiska,Snowboarding Lessons,Intermediate Snowboarding Lessons,Intermediate,70
2025-02-20 10:00:00,Nakiska,Snowboarding Lessons,Intermediate Snowboarding Lessons,Intermediate,70
2024-12-04 12:00:00,Nakiska,Snowboarding Lessons,Intermediate Snowboarding Lessons,Intermediate,70
2024-03-22 12:00:00,Nakiska,Snowboarding Lessons,Advanced Snowboarding Lessons,Advanced,70
2024-07-26 11:00:00,Nakiska,Snowboarding Lessons,Advanced Snowboarding Lessons,Advanced,70
2023-05-10 12:00:00,Nakiska,Snowboarding Lessons,Advanced Snowboarding Lessons,Advanced,70
2024-04-27 12:00:00,Nakiska,Snowboarding Lessons,Advanced Snowboarding Lessons,Advanced,70
2024-09-20 13:00:00,Nakiska,Snowboarding Lessons,Advanced Snowboarding Lessons,Advanced,70
2025-02-10 11:00:00,Nakiska,Ski Racing Lessons,Beginner Ski Racing Lessons,Beginner,100
2024-10-07 13:00:00,Nakiska,Ski Racing Lessons,Beginner Ski Racing Lessons,Beginner,100
2023-09-09 14:00:00,Nakiska,Ski Racing Lessons,Beginner Ski Racing Lessons,Beginner,100
2024-11-11 11:00:00,Nakiska,Ski Racing Lessons,Beginner Ski Racing Lessons,Beginner,100
2024-07-24 15:00:00,Nakiska,Ski Racing Lessons,Beginner Ski Racing Lessons,Beginner,100
2024-10-27 11:00:00,Nakiska,Ski Racing Lessons,Intermediate Ski Racing Lessons,Intermediate,100
2023-11-13 11:00:00,Nakiska,Ski Racing Lessons,Intermediate Ski Racing Lessons,Intermediate,100
2023-07-04 12:00:00,Nakiska,Ski Racing Lessons,Intermediate Ski Racing Lessons,Intermediate,100
2025-03-08 14:00:00,Nakiska,Ski Racing Lessons,Intermediate Ski Racing Lessons,Intermediate,100
2024-01-09 15:00:00,Nakiska,Ski Racing Lessons,Intermediate Ski Racing Lessons,Intermediate,100
2023-03-19 11:00:00,Nakiska,Ski Racing Lessons,Advanced Ski Racing Lessons,Advanced,100
2024-03-26 10:00:00,Nakiska,Ski Racing Lessons,Advanced Ski Racing Lessons,Advanced,100
2023-06-23 16:00:00,Nakiska,Ski Racing Lessons,Advanced Ski Racing Lessons,Advanced,100
2024-06-29 16:00:00,Nakiska,Ski Racing Lessons,Advanced Ski Racing Lessons,Advanced,100
2024-07-29 16:00:00,Nakiska,Ski Racing Lessons,Advanced Ski Racing Lessons,Advanced,100
2023-09-13 15:00:00,Sunshine,Mountain Adventure,Ski Resort Charity Event,Casual,55
2024-07-18 11:00:00,Sunshine,Mountain Dining,Torchlight Parade,Casual,50
2024-09-20 09:00:00,Sunshine,Skiing,Ski and Snowboard Festival,Casual,100
2025-03-03 10:00:00,Sunshine,Ski Competitions,Ski Cross Competition,Casual,120
2023-12-14 15:00:00,Sunshine,Apres-Ski,Apres-Ski Party,Casual,30
2024-08-12 10:00:00,Sunshine,Ski Equipment,Ski Instructor Workshop,Casual,75
2023-12-08 13:00:00,Sunshine,Mountain Dining,Mountain Restaurant Tasting,Casual,50
2024-12-29 14:00:00,Sunshine,Ski Competitions,Ski Cross Competition,Casual,120
2025-01-25 10:00:00,Sunshine,Mountain Dining,Torchlight Parade,Casual,50
2024-05-13 14:00:00,Sunshine,Mountain Adventure,Snowshoeing Expedition,Casual,55
2023-12-22 09:00:00,Sunshine,Ski Competitions,Ski Cross Competition,Casual,120
2023-09-14 11:00:00,Sunshine,Skiing,Night Skiing Experience,Casual,100
2023-08-27 11:00:00,Sunshine,Mountain Adventure,Ski Resort Charity Event,Casual,55
2024-12-25 10:00:00,Sunshine,Apres-Ski,Ski Resort Wine Tasting,Casual,30
2025-01-26 10:00:00,Sunshine,Ski Competitions,Ski Cross Competition,Casual,120
2024-12-30 09:00:00,Sunshine,Skiing,Ski Marathon,Casual,100
2023-09-30 15:00:00,Sunshine,Mountain Dining,Mountain Restaurant Tasting,Casual,50
2024-01-30 12:00:00,Sunshine,Mountain Adventure,Snowshoeing Expedition,Casual,55
2024-02-20 14:00:00,Sunshine,Mountain Dining,Torchlight Parade,Casual,50
2023-10-18 16:00:00,Sunshine,Apres-Ski,Apres-Ski Party,Casual,30
2023-08-04 10:00:00,Sunshine,Mountain Dining,Torchlight Parade,Casual,50
2025-03-04 14:00:00,Sunshine,Snowboarding,Ski-In Movie Night,Casual,100
2024-01-20 09:00:00,Sunshine,Ski Equipment,Ski Instructor Workshop,Casual,75
2024-01-04 09:00:00,Sunshine,Ski Competitions,Ski Cross Competition,Casual,120
2023-06-30 10:00:00,Sunshine,Apres-Ski,Ski Resort Wine Tasting,Casual,30
2023-06-29 09:00:00,Sunshine,Mountain Adventure,Snowshoeing Expedition,Casual,55
2024-10-26 14:00:00,Sunshine,Safety Lessons,Ski Patrol Demonstration,Casual,25
2023-12-25 14:00:00,Sunshine,Ski Equipment,Ski Gear Expo,Casual,75
2025-02-07 14:00:00,Sunshine,Snowboarding,Freestyle Ski Show,Casual,100
2024-05-21 14:00:00,Sunshine,Ski Equipment,Ski Instructor Workshop,Casual,75
2023-11-23 16:00:00,Sunshine,Snowboarding,Freestyle Ski Show,Casual,100
2023-04-18 15:00:00,Sunshine,Safety Lessons,Ski Patrol Demonstration,Casual,25
2024-08-30 12:00:00,Sunshine,Ski Equipment,Ski Gear Expo,Casual,75
2025-01-13 11:00:00,Sunshine,Mountain Adventure,Snowshoeing Expedition,Casual,55
2023-08-02 16:00:00,Sunshine,Apres-Ski,Ski Resort Wine Tasting,Casual,30
2023-12-05 09:00:00,Sunshine,Safety Lessons,Ski Patrol Demonstration,Casual,25
2024-01-10 12:00:00,Sunshine,Ski Competitions,Ski Cross Competition,Casual,120
2023-07-18 11:00:00,Sunshine,Safety Lessons,Ski Patrol Demonstration,Casual,25
2023-10-10 12:00:00,Sunshine,Safety Lessons,Ski Patrol Demonstration,Casual,25
2024-03-05 11:00:00,Sunshine,Skiing,Night Skiing Experience,Casual,100
2024-10-14 14:00:00,Sunshine,Skiing Lessons,Beginner Skiing Lessons,Beginner,70
2024-03-26 11:00:00,Sunshine,Skiing Lessons,Beginner Skiing Lessons,Beginner,70
2024-05-15 11:00:00,Sunshine,Skiing Lessons,Beginner Skiing Lessons,Beginner,70
2024-05-28 16:00:00,Sunshine,Skiing Lessons,Beginner Skiing Lessons,Beginner,70
2023-03-19 15:00:00,Sunshine,Skiing Lessons,Beginner Skiing Lessons,Beginner,70
2024-09-26 15:00:00,Sunshine,Skiing Lessons,Intermediate Skiing Lessons,Intermediate,70
2023-12-02 10:00:00,Sunshine,Skiing Lessons,Intermediate Skiing Lessons,Intermediate,70
2024-02-20 11:00:00,Sunshine,Skiing Lessons,Intermediate Skiing Lessons,Intermediate,70
2024-10-09 12:00:00,Sunshine,Skiing Lessons,Intermediate Skiing Lessons,Intermediate,70
2024-03-03 15:00:00,Sunshine,Skiing Lessons,Intermediate Skiing Lessons,Intermediate,70
2025-01-07 09:00:00,Sunshine,Skiing Lessons,Advanced Skiing Lessons,Advanced,70
2024-07-16 12:00:00,Sunshine,Skiing Lessons,Advanced Skiing Lessons,Advanced,70
2023-04-12 16:00:00,Sunshine,Skiing Lessons,Advanced Skiing Lessons,Advanced,70
2024-09-11 14:00:00,Sunshine,Skiing Lessons,Advanced Skiing Lessons,Advanced,70
2024-12-25 13:00:00,Sunshine,Skiing Lessons,Advanced Skiing Lessons,Advanced,70
2024-02-14 09:00:00,Sunshine,Snowboarding Lessons,Beginner Snowboarding Lessons,Beginner,70
2023-08-16 16:00:00,Sunshine,Snowboarding Lessons,Beginner Snowboarding Lessons,Beginner,70
2024-01-14 14:00:00,Sunshine,Snowboarding Lessons,Beginner Snowboarding Lessons,Beginner,70
2023-05-05 09:00:00,Sunshine,Snowboarding Lessons,Beginner Snowboarding Lessons,Beginner,70
2024-08-29 12:00:00,Sunshine,Snowboarding Lessons,Beginner Snowboarding Lessons,Beginner,70
2023-12-28 16:00:00,Sunshine,Snowboarding Lessons,Intermediate Snowboarding Lessons,Intermediate,70
2025-03-08 12:00:00,Sunshine,Snowboarding Lessons,Intermediate Snowboarding Lessons,Intermediate,70
2025-03-15 14:00:00,Sunshine,Snowboarding Lessons,Intermediate Snowboarding Lessons,Intermediate,70
2024-10-21 13:00:00,Sunshine,Snowboarding Lessons,Intermediate Snowboarding Lessons,Intermediate,70
2025-02-13 12:00:00,Sunshine,Snowboarding Lessons,Intermediate Snowboarding Lessons,Intermediate,70
2024-01-02 15:00:00,Sunshine,Snowboarding Lessons,Advanced Snowboarding Lessons,Advanced,70
2024-12-09 10:00:00,Sunshine,Snowboarding Lessons,Advanced Snowboarding Lessons,Advanced,70
2023-05-26 15:00:00,Sunshine,Snowboarding Lessons,Advanced Snowboarding Lessons,Advanced,70
2025-01-23 16:00:00,Sunshine,Snowboarding Lessons,Advanced Snowboarding Lessons,Advanced,70
2023-07-24 10:00:00,Sunshine,Snowboarding Lessons,Advanced Snowboarding Lessons,Advanced,70
2023-10-07 15:00:00,Sunshine,Ski Racing Lessons,Beginner Ski Racing Lessons,Beginner,100
2023-12-15 11:00:00,Sunshine,Ski Racing Lessons,Beginner Ski Racing Lessons,Beginner,100
2025-02-01 16:00:00,Sunshine,Ski Racing Lessons,Beginner Ski Racing Lessons,Beginner,100
2023-09-14 16:00:00,Sunshine,Ski Racing Lessons,Beginner Ski Racing Lessons,Beginner,100
2023-10-21 11:00:00,Sunshine,Ski Racing Lessons,Beginner Ski Racing Lessons,Beginner,100
2024-10-15 09:00:00,Sunshine,Ski Racing Lessons,Intermediate Ski Racing Lessons,Intermediate,100
2024-09-25 14:00:00,Sunshine,Ski Racing Lessons,Intermediate Ski Racing Lessons,Intermediate,100
2024-07-12 12:00:00,Sunshine,Ski Racing Lessons,Intermediate Ski Racing Lessons,Intermediate,100
2024-08-05 16:00:00,Sunshine,Ski Racing Lessons,Intermediate Ski Racing Lessons,Intermediate,100
2023-07-28 16:00:00,Sunshine,Ski Racing Lessons,Intermediate Ski Racing Lessons,Intermediate,100
2024-02-28 10:00:00,Sunshine,Ski Racing Lessons,Advanced Ski Racing Lessons,Advanced,100
2024-11-02 15:00:00,Sunshine,Ski Racing Lessons,Advanced Ski Racing Lessons,Advanced,100
2023-04-28 11:00:00,Sunshine,Ski Racing Lessons,Advanced Ski Racing Lessons,Advanced,100
2025-01-06 10:00:00,Sunshine,Ski Racing Lessons,Advanced Ski Racing Lessons,Advanced,100
2025-02-11 13:00:00,Sunshine,Ski Racing Lessons,Advanced Ski Racing Lessons,Advanced,100
2023-05-10 12:00:00,Lakelouise,Ski Equipment,Ski Gear Expo,Casual,75
2024-10-04 16:00:00,Lakelouise,Skiing,Ski and Snowboard Festival,Casual,100
2024-10-19 09:00:00,Lakelouise,Safety Lessons,Ski Patrol Demonstration,Casual,25
2024-03-13 16:00:00,Lakelouise,Snowboarding,Ski-In Movie Night,Casual,100
2024-04-25 11:00:00,Lakelouise,Mountain Dining,Torchlight Parade,Casual,50
2024-06-29 11:00:00,Lakelouise,Ski Equipment,Ski Instructor Workshop,Casual,75
2023-09-06 11:00:00,Lakelouise,Skiing,Ski and Snowboard Festival,Casual,100
2025-02-26 16:00:00,Lakelouise,Mountain Dining,Torchlight Parade,Casual,50
2023-08-09 16:00:00,Lakelouise,Mountain Adventure,Snowshoeing Expedition,Casual,55
2023-10-05 12:00:00,Lakelouise,Skiing,Ski and Snowboard Festival,Casual,100
2024-03-13 10:00:00,Lakelouise,Ski Competitions,Ski Cross Competition,Casual,120
2023-11-25 13:00:00,Lakelouise,Mountain Adventure,Ski Resort Charity Event,Casual,55
2024-11-27 13:00:00,Lakelouise,Ski Competitions,Ski Cross Competition,Casual,120
2023-08-17 13:00:00,Lakelouise,Ski Competitions,Ski Cross Competition,Casual,120
2023-06-06 16:00:00,Lakelouise,Ski Equipment,Ski Gear Expo,Casual,75
2024-08-02 09:00:00,Lakelouise,Safety Lessons,Ski Patrol Demonstration,Casual,25
2024-07-23 13:00:00,Lakelouise,Safety Lessons,Ski Patrol Demonstration,Casual,25
2024-06-17 11:00:00,Lakelouise,Snowboarding,Snow Sculpture Contest,Casual,100
2023-10-26 12:00:00,Lakelouise,Mountain Adventure,Snowshoeing Expedition,Casual,55
2023-04-01 09:00:00,Lakelouise,Mountain Adventure,Snowshoeing Expedition,Casual,55
2024-01-31 16:00:00,Lakelouise,Apres-Ski,Apres-Ski Party,Casual,30
2025-03-01 09:00:00,Lakelouise,Skiing,Ski and Snowboard Festival,Casual,100
2023-11-07 12:00:00,Lakelouise,Ski Equipment,Ski Gear Expo,Casual,75
2024-04-11 09:00:00,Lakelouise,Snowboarding,Snow Sculpture Contest,Casual,100
2024-06-25 10:00:00,Lakelouise,Safety Lessons,Ski Patrol Demonstration,Casual,25
2023-04-30 15:00:00,Lakelouise,Mountain Dining,Mountain Restaurant Tasting,Casual,50
2024-03-27 15:00:00,Lakelouise,Safety Lessons,Ski Patrol Demonstration,Casual,25
2023-04-07 15:00:00,Lakelouise,Ski Equipment,Ski Gear Expo,Casual,75
2025-01-07 15:00:00,Lakelouise,Mountain Adventure,Snowshoeing Expedition,Casual,55
2023-05-10 10:00:00,Lakelouise,Mountain Dining,Mountain Restaurant Tasting,Casual,50
2024-07-20 13:00:00,Lakelouise,Safety Lessons,Ski Patrol Demonstration,Casual,25
2024-01-03 13:00:00,Lakelouise,Apres-Ski,Apres-Ski Party,Casual,30
2023-05-06 10:00:00,Lakelouise,Mountain Dining,Torchlight Parade,Casual,50
2024-10-05 09:00:00,Lakelouise,Apres-Ski,Apres-Ski Party,Casual,30
2023-06-12 12:00:00,Lakelouise,Mountain Adventure,Ski Resort Charity Event,Casual,55
2024-03-06 12:00:00,Lakelouise,Mountain Dining,Torchlight Parade,Casual,50
2024-10-21 09:00:00,Lakelouise,Ski Competitions,Ski Cross Competition,Casual,120
2024-05-04 09:00:00,Lakelouise,Apres-Ski,Apres-Ski Party,Casual,30
2024-10-24 12:00:00,Lakelouise,Safety Lessons,Ski Patrol Demonstration,Casual,25
2023-10-05 09:00:00,Lakelouise,Mountain Dining,Mountain Restaurant Tasting,Casual,50
2024-08-27 11:00:00,Lakelouise,Skiing Lessons,Beginner Skiing Lessons,Beginner,70
2023-06-02 13:00:00,Lakelouise,Skiing Lessons,Beginner Skiing Lessons,Beginner,70
2024-06-08 10:00:00,Lakelouise,Skiing Lessons,Beginner Skiing Lessons,Beginner,70
2024-03-13 16:00:00,Lakelouise,Skiing Lessons,Beginner Skiing Lessons,Beginner,70
2023-08-17 09:00:00,Lakelouise,Skiing Lessons,Beginner Skiing Lessons,Beginner,70
2023-11-27 13:00:00,Lakelouise,Skiing Lessons,Intermediate Skiing Lessons,Intermediate,70
2023-12-02 11:00:00,Lakelouise,Skiing Lessons,Intermediate Skiing Lessons,Intermediate,70
2023-05-31 13:00:00,Lakelouise,Skiing Lessons,Intermediate Skiing Lessons,Intermediate,70
2023-05-16 13:00:00,Lakelouise,Skiing Lessons,Intermediate Skiing Lessons,Intermediate,70
2023-05-01 10:00:00,Lakelouise,Skiing Lessons,Intermediate Skiing Lessons,Intermediate,70
2023-08-24 16:00:00,Lakelouise,Skiing Lessons,Advanced Skiing Lessons,Advanced,70
2023-04-24 10:00:00,Lakelouise,Skiing Lessons,Advanced Skiing Lessons,Advanced,70
2024-06-18 13:00:00,Lakelouise,Skiing Lessons,Advanced Skiing Lessons,Advanced,70
2024-07-15 15:00:00,Lakelouise,Skiing Lessons,Advanced Skiing Lessons,Advanced,70
2024-09-18 10:00:00,Lakelouise,Skiing Lessons,Advanced Skiing Lessons,Advanced,70
2024-06-28 12:00:00,Lakelouise,Snowboarding Lessons,Beginner Snowboarding Lessons,Beginner,70
2024-11-04 16:00:00,Lakelouise,Snowboarding Lessons,Beginner Snowboarding Lessons,Beginner,70
2024-10-02 11:00:00,Lakelouise,Snowboarding Lessons,Beginner Snowboarding Lessons,Beginner,70
2023-07-25 13:00:00,Lakelouise,Snowboarding Lessons,Beginner Snowboarding Lessons,Beginner,70
2023-05-27 10:00:00,Lakelouise,Snowboarding Lessons,Beginner Snowboarding Lessons,Beginner,70
2023-08-31 13:00:00,Lakelouise,Snowboarding Lessons,Intermediate Snowboarding Lessons,Intermediate,70
2024-12-30 13:00:00,Lakelouise,Snowboarding Lessons,Intermediate Snowboarding Lessons,Intermediate,70
2024-12-15 10:00:00,Lakelouise,Snowboarding Lessons,Intermediate Snowboarding Lessons,Intermediate,70
2025-01-29 14:00:00,Lakelouise,Snowboarding Lessons,Intermediate Snowboarding Lessons,Intermediate,70
2023-07-04 13:00:00,Lakelouise,Snowboarding Lessons,Intermediate Snowboarding Lessons,Intermediate,70
2024-12-16 11:00:00,Lakelouise,Snowboarding Lessons,Advanced Snowboarding Lessons,Advanced,70
2024-09-08 16:00:00,Lakelouise,Snowboarding Lessons,Advanced Snowboarding Lessons,Advanced,70
2024-05-09 11:00:00,Lakelouise,Snowboarding Lessons,Advanced Snowboarding Lessons,Advanced,70
2023-03-30 15:00:00,Lakelouise,Snowboarding Lessons,Advanced Snowboarding Lessons,Advanced,70
2025-01-19 10:00:00,Lakelouise,Snowboarding Lessons,Advanced Snowboarding Lessons,Advanced,70
2024-06-24 10:00:00,Lakelouise,Ski Racing Lessons,Beginner Ski Racing Lessons,Beginner,100
2023-05-01 09:00:00,Lakelouise,Ski Racing Lessons,Beginner Ski Racing Lessons,Beginner,100
2024-02-07 13:00:00,Lakelouise,Ski Racing Lessons,Beginner Ski Racing Lessons,Beginner,100
2023-11-02 09:00:00,Lakelouise,Ski Racing Lessons,Beginner Ski Racing Lessons,Beginner,100
2024-12-11 10:00:00,Lakelouise,Ski Racing Lessons,Beginner Ski Racing Lessons,Beginner,100
2023-06-11 09:00:00,Lakelouise,Ski Racing Lessons,Intermediate Ski Racing Lessons,Intermediate,100
2024-06-29 15:00:00,Lakelouise,Ski Racing Lessons,Intermediate Ski Racing Lessons,Intermediate,100
2025-02-12 16:00:00,Lakelouise,Ski Racing Lessons,Intermediate Ski Racing Lessons,Intermediate,100
2024-02-24 12:00:00,Lakelouise,Ski Racing Lessons,Intermediate Ski Racing Lessons,Intermediate,100
2024-12-15 13:00:00,Lakelouise,Ski Racing Lessons,Intermediate Ski Racing Lessons,Intermediate,100
2024-09-30 12:00:00,Lakelouise,Ski Racing Lessons,Advanced Ski Racing Lessons,Advanced,100
2025-02-12 15:00:00,Lakelouise,Ski Racing Lessons,Advanced Ski Racing Lessons,Advanced,100
2024-01-07 13:00:00,Lakelouise,Ski Racing Lessons,Advanced Ski Racing Lessons,Advanced,100
2024-06-24 13:00:00,Lakelouise,Ski Racing Lessons,Advanced Ski Racing Lessons,Advanced,100
2023-05-17 12:00:00,Lakelouise,Ski Racing Lessons,Advanced Ski Racing Lessons,Advanced,100
2023-12-12 10:00:00,Revelstoke,Snowboarding,Snow Sculpture Contest,Casual,100
2023-09-11 12:00:00,Revelstoke,Apres-Ski,Apres-Ski Party,Casual,30
2024-10-02 12:00:00,Revelstoke,Apres-Ski,Ski Resort Wine Tasting,Casual,30
2024-12-02 12:00:00,Revelstoke,Mountain Adventure,Ski Resort Charity Event,Casual,55
2024-01-13 13:00:00,Revelstoke,Snowboarding,Ski-In Movie Night,Casual,100
2024-10-22 11:00:00,Revelstoke,Mountain Adventure,Ski Resort Charity Event,Casual,55
2024-04-14 15:00:00,Revelstoke,Apres-Ski,Apres-Ski Party,Casual,30
2023-05-16 13:00:00,Revelstoke,Skiing,Night Skiing Experience,Casual,100
2023-09-03 10:00:00,Revelstoke,Safety Lessons,Ski Patrol Demonstration,Casual,25
2023-08-28 16:00:00,Revelstoke,Snowboarding,Snow Sculpture Contest,Casual,100
2025-02-19 09:00:00,Revelstoke,Ski Competitions,Ski Cross Competition,Casual,120
2023-07-29 16:00:00,Revelstoke,Mountain Adventure,Ski Resort Charity Event,Casual,55
2023-06-06 15:00:00,Revelstoke,Safety Lessons,Ski Patrol Demonstration,Casual,25
2023-04-12 13:00:00,Revelstoke,Ski Equipment,Ski Gear Expo,Casual,75
2024-12-09 12:00:00,Revelstoke,Ski Equipment,Ski Gear Expo,Casual,75
2023-11-21 10:00:00,Revelstoke,Mountain Adventure,Ski Resort Charity Event,Casual,55
2023-10-25 11:00:00,Revelstoke,Mountain Adventure,Ski Resort Charity Event,Casual,55
2024-12-20 09:00:00,Revelstoke,Ski Competitions,Ski Cross Competition,Casual,120
2023-10-08 11:00:00,Revelstoke,Ski Equipment,Ski Gear Expo,Casual,75
2023-04-29 14:00:00,Revelstoke,Ski Competitions,Ski Cross Competition,Casual,120
2023-06-07 10:00:00,Revelstoke,Ski Equipment,Ski Gear Expo,Casual,75
2023-10-26 09:00:00,Revelstoke,Apres-Ski,Apres-Ski Party,Casual,30
2024-03-02 16:00:00,Revelstoke,Snowboarding,Snow Sculpture Contest,Casual,100
2023-09-04 15:00:00,Revelstoke,Mountain Dining,Torchlight Parade,Casual,50
2024-04-05 14:00:00,Revelstoke,Skiing,Ski and Snowboard Festival,Casual,100
2023-08-01 15:00:00,Revelstoke,Ski Equipment,Ski Instructor Workshop,Casual,75
2023-03-19 14:00:00,Revelstoke,Snowboarding,Ski Gear Swap,Casual,100
2024-04-24 14:00:00,Revelstoke,Snowboarding,Freestyle Ski Show,Casual,100
2023-04-14 11:00:00,Revelstoke,Ski Equipment,Ski Instructor Workshop,Casual,75
2024-12-24 09:00:00,Revelstoke,Mountain Dining,Torchlight Parade,Casual,50
2024-03-19 12:00:00,Revelstoke,Snowboarding,Ski Gear Swap,Casual,100
2025-02-09 10:00:00,Revelstoke,Apres-Ski,Apres-Ski Party,Casual,30
2024-03-25 14:00:00,Revelstoke,Skiing,Ski and Snowboard Festival,Casual,100
2024-08-31 14:00:00,Revelstoke,Ski Equipment,Ski Gear Expo,Casual,75
2024-02-29 11:00:00,Revelstoke,Skiing,Ski and Snowboard Festival,Casual,100
2024-03-10 09:00:00,Revelstoke,Safety Lessons,Ski Patrol Demonstration,Casual,25
2023-10-04 10:00:00,Revelstoke,Snowboarding,Freestyle Ski Show,Casual,100
2025-01-28 12:00:00,Revelstoke,Ski Competitions,Ski Cross Competition,Casual,120
2023-06-13 16:00:00,Revelstoke,Safety Lessons,Ski Patrol Demonstration,Casual,25
2024-10-17 10:00:00,Revelstoke,Ski Competitions,Ski Cross Competition,Casual,120
2023-09-07 11:00:00,Revelstoke,Skiing Lessons,Beginner Skiing Lessons,Beginner,70
2024-06-23 14:00:00,Revelstoke,Skiing Lessons,Beginner Skiing Lessons,Beginner,70
2023-09-18 15:00:00,Revelstoke,Skiing Lessons,Beginner Skiing Lessons,Beginner,70
2024-11-18 15:00:00,Revelstoke,Skiing Lessons,Beginner Skiing Lessons,Beginner,70
2023-05-19 12:00:00,Revelstoke,Skiing Lessons,Beginner Skiing Lessons,Beginner,70
2024-12-14 14:00:00,Revelstoke,Skiing Lessons,Intermediate Skiing Lessons,Intermediate,70
2023-08-27 13:00:00,Revelstoke,Skiing Lessons,Intermediate Skiing Lessons,Intermediate,70
2023-05-19 14:00:00,Revelstoke,Skiing Lessons,Intermediate Skiing Lessons,Intermediate,70
2024-05-15 10:00:00,Revelstoke,Skiing Lessons,Intermediate Skiing Lessons,Intermediate,70
2023-05-20 12:00:00,Revelstoke,Skiing Lessons,Intermediate Skiing Lessons,Intermediate,70
2024-07-28 13:00:00,Revelstoke,Skiing Lessons,Advanced Skiing Lessons,Advanced,70
2023-07-07 09:00:00,Revelstoke,Skiing Lessons,Advanced Skiing Lessons,Advanced,70
2024-04-13 14:00:00,Revelstoke,Skiing Lessons,Advanced Skiing Lessons,Advanced,70
2023-03-22 10:00:00,Revelstoke,Skiing Lessons,Advanced Skiing Lessons,Advanced,70
2024-04-17 11:00:00,Revelstoke,Skiing Lessons,Advanced Skiing Lessons,Advanced,70
2023-12-26 09:00:00,Revelstoke,Snowboarding Lessons,Beginner Snowboarding Lessons,Beginner,70
2023-12-01 09:00:00,Revelstoke,Snowboarding Lessons,Beginner Snowboarding Lessons,Beginner,70
2024-01-09 16:00:00,Revelstoke,Snowboarding Lessons,Beginner Snowboarding Lessons,Beginner,70
2023-05-08 15:00:00,Revelstoke,Snowboarding Lessons,Beginner Snowboarding Lessons,Beginner,70
2023-10-21 16:00:00,Revelstoke,Snowboarding Lessons,Beginner Snowboarding Lessons,Beginner,70
2023-10-14 16:00:00,Revelstoke,Snowboarding Lessons,Intermediate Snowboarding Lessons,Intermediate,70
2023-05-26 16:00:00,Revelstoke,Snowboarding Lessons,Intermediate Snowboarding Lessons,Intermediate,70
2024-03-30 11:00:00,Revelstoke,Snowboarding Lessons,Intermediate Snowboarding Lessons,Intermediate,70
2023-09-06 09:00:00,Revelstoke,Snowboarding Lessons,Intermediate Snowboarding Lessons,Intermediate,70
2024-04-01 16:00:00,Revelstoke,Snowboarding Lessons,Intermediate Snowboarding Lessons,Intermediate,70
2024-02-09 09:00:00,Revelstoke,Snowboarding Lessons,Advanced Snowboarding Lessons,Advanced,70
2024-01-16 10:00:00,Revelstoke,Snowboarding Lessons,Advanced Snowboarding Lessons,Advanced,70
2023-07-30 15:00:00,Revelstoke,Snowboarding Lessons,Advanced Snowboarding Lessons,Advanced,70
2023-11-04 15:00:00,Revelstoke,Snowboarding Lessons,Advanced Snowboarding Lessons,Advanced,70
2023-06-29 09:00:00,Revelstoke,Snowboarding Lessons,Advanced Snowboarding Lessons,Advanced,70
2024-10-27 09:00:00,Revelstoke,Ski Racing Lessons,Beginner Ski Racing Lessons,Beginner,100
2023-12-25 16:00:00,Revelstoke,Ski Racing Lessons,Beginner Ski Racing Lessons,Beginner,100
2024-11-28 16:00:00,Revelstoke,Ski Racing Lessons,Beginner Ski Racing Lessons,Beginner,100
2023-10-08 09:00:00,Revelstoke,Ski Racing Lessons,Beginner Ski Racing Lessons,Beginner,100
2023-11-14 12:00:00,Revelstoke,Ski Racing Lessons,Beginner Ski Racing Lessons,Beginner,100
2024-12-10 16:00:00,Revelstoke,Ski Racing Lessons,Intermediate Ski Racing Lessons,Intermediate,100
2023-12-22 14:00:00,Revelstoke,Ski Racing Lessons,Intermediate Ski Racing Lessons,Intermediate,100
2024-03-30 10:00:00,Revelstoke,Ski Racing Lessons,Intermediate Ski Racing Lessons,Intermediate,100
2024-06-25 16:00:00,Revelstoke,Ski Racing Lessons,Intermediate Ski Racing Lessons,Intermediate,100
2024-05-29 16:00:00,Revelstoke,Ski Racing Lessons,Intermediate Ski Racing Lessons,Intermediate,100
2024-09-10 11:00:00,Revelstoke,Ski Racing Lessons,Advanced Ski Racing Lessons,Advanced,100
2025-01-31 11:00:00,Revelstoke,Ski Racing Lessons,Advanced Ski Racing Lessons,Advanced,100
2024-09-03 15:00:00,Revelstoke,Ski Racing Lessons,Advanced Ski Racing Lessons,Advanced,100
2025-01-10 09:00:00,Revelstoke,Ski Racing Lessons,Advanced Ski Racing Lessons,Advanced,100
2024-08-15 09:00:00,Revelstoke,Ski Racing Lessons,Advanced Ski Racing Lessons,Advanced,100
2024-12-09 14:00:00,Panorama,Ski Equipment,Ski Gear Expo,Casual,75
2024-07-10 11:00:00,Panorama,Skiing,Night Skiing Experience,Casual,100
2024-06-03 09:00:00,Panorama,Snowboarding,Ski-In Movie Night,Casual,100
2023-12-27 14:00:00,Panorama,Ski Competitions,Ski Cross Competition,Casual,120
2024-02-26 09:00:00,Panorama,Snowboarding,Ski-In Movie Night,Casual,100
2024-07-18 15:00:00,Panorama,Ski Competitions,Ski Cross Competition,Casual,120
2025-02-01 13:00:00,Panorama,Snowboarding,Ski Gear Swap,Casual,100
2023-03-31 12:00:00,Panorama,Safety Lessons,Ski Patrol Demonstration,Casual,25
2023-09-23 16:00:00,Panorama,Ski Competitions,Ski Cross Competition,Casual,120
2023-10-16 11:00:00,Panorama,Ski Competitions,Ski Cross Competition,Casual,120
2024-03-26 09:00:00,Panorama,Mountain Adventure,Ski Resort Charity Event,Casual,55
2023-12-08 12:00:00,Panorama,Ski Equipment,Ski Instructor Workshop,Casual,75
2024-11-26 15:00:00,Panorama,Mountain Dining,Mountain Restaurant Tasting,Casual,50
2024-12-26 16:00:00,Panorama,Apres-Ski,Apres-Ski Party,Casual,30
2024-02-12 13:00:00,Panorama,Skiing,Ski Hill Photography Workshop,Casual,100
2025-02-14 15:00:00,Panorama,Mountain Adventure,Snowshoeing Expedition,Casual,55
2024-05-09 11:00:00,Panorama,Mountain Dining,Mountain Restaurant Tasting,Casual,50
2024-08-04 14:00:00,Panorama,Mountain Adventure,Ski Resort Charity Event,Casual,55
2023-06-03 14:00:00,Panorama,Mountain Dining,Mountain Restaurant Tasting,Casual,50
2024-06-11 09:00:00,Panorama,Skiing,Night Skiing Experience,Casual,100
2023-10-19 09:00:00,Panorama,Ski Competitions,Ski Cross Competition,Casual,120
2025-03-06 12:00:00,Panorama,Apres-Ski,Ski Resort Wine Tasting,Casual,30
2023-05-27 09:00:00,Panorama,Ski Equipment,Ski Gear Expo,Casual,75
2023-03-21 09:00:00,Panorama,Mountain Adventure,Snowshoeing Expedition,Casual,55
2024-07-13 09:00:00,Panorama,Ski Competitions,Ski Cross Competition,Casual,120
2024-09-02 14:00:00,Panorama,Ski Equipment,Ski Gear Expo,Casual,75
2024-06-02 13:00:00,Panorama,Apres-Ski,Apres-Ski Party,Casual,30
2024-10-09 10:00:00,Panorama,Snowboarding,Ski Gear Swap,Casual,100
2025-02-25 15:00:00,Panorama,Ski Competitions,Ski Cross Competition,Casual,120
2025-03-04 16:00:00,Panorama,Mountain Dining,Torchlight Parade,Casual,50
2024-02-01 16:00:00,Panorama,Apres-Ski,Apres-Ski Party,Casual,30
2023-06-11 14:00:00,Panorama,Mountain Adventure,Ski Resort Charity Event,Casual,55
2024-12-04 12:00:00,Panorama,Mountain Dining,Mountain Restaurant Tasting,Casual,50
2024-05-07 14:00:00,Panorama,Snowboarding,Freestyle Ski Show,Casual,100
2025-01-01 14:00:00,Panorama,Ski Equipment,Ski Instructor Workshop,Casual,75
2023-08-14 11:00:00,Panorama,Skiing,Ski Hill Photography Workshop,Casual,100
2023-03-24 11:00:00,Panorama,Ski Competitions,Ski Cross Competition,Casual,120
2024-10-02 09:00:00,Panorama,Mountain Adventure,Snowshoeing Expedition,Casual,55
2023-05-04 11:00:00,Panorama,Safety Lessons,Ski Patrol Demonstration,Casual,25
2023-05-03 12:00:00,Panorama,Ski Equipment,Ski Gear Expo,Casual,75
2025-03-02 14:00:00,Panorama,Skiing Lessons,Beginner Skiing Lessons,Beginner,70
2023-11-17 13:00:00,Panorama,Skiing Lessons,Beginner Skiing Lessons,Beginner,70
2023-10-25 12:00:00,Panorama,Skiing Lessons,Beginner Skiing Lessons,Beginner,70
2023-08-16 09:00:00,Panorama,Skiing Lessons,Beginner Skiing Lessons,Beginner,70
2024-01-28 09:00:00,Panorama,Skiing Lessons,Beginner Skiing Lessons,Beginner,70
2023-07-01 13:00:00,Panorama,Skiing Lessons,Intermediate Skiing Lessons,Intermediate,70
2024-07-06 09:00:00,Panorama,Skiing Lessons,Intermediate Skiing Lessons,Intermediate,70
2023-07-27 12:00:00,Panorama,Skiing Lessons,Intermediate Skiing Lessons,Intermediate,70
2024-08-01 16:00:00,Panorama,Skiing Lessons,Intermediate Skiing Lessons,Intermediate,70
2024-03-10 14:00:00,Panorama,Skiing Lessons,Intermediate Skiing Lessons,Intermediate,70
2023-10-23 12:00:00,Panorama,Skiing Lessons,Advanced Skiing Lessons,Advanced,70
2023-11-28 16:00:00,Panorama,Skiing Lessons,Advanced Skiing Lessons,Advanced,70
2023-12-17 16:00:00,Panorama,Skiing Lessons,Advanced Skiing Lessons,Advanced,70
2024-12-02 09:00:00,Panorama,Skiing Lessons,Advanced Skiing Lessons,Advanced,70
2025-03-10 11:00:00,Panorama,Skiing Lessons,Advanced Skiing Lessons,Advanced,70
2024-10-15 13:00:00,Panorama,Snowboarding Lessons,Beginner Snowboarding Lessons,Beginner,70
2024-09-10 15:00:00,Panorama,Snowboarding Lessons,Beginner Snowboarding Lessons,Beginner,70
2023-09-09 10:00:00,Panorama,Snowboarding Lessons,Beginner Snowboarding Lessons,Beginner,70
2024-04-24 14:00:00,Panorama,Snowboarding Lessons,Beginner Snowboarding Lessons,Beginner,70
2023-04-06 16:00:00,Panorama,Snowboarding Lessons,Beginner Snowboarding Lessons,Beginner,70
2024-08-04 10:00:00,Panorama,Snowboarding Lessons,Intermediate Snowboarding Lessons,Intermediate,70
2023-07-11 09:00:00,Panorama,Snowboarding Lessons,Intermediate Snowboarding Lessons,Intermediate,70
2024-10-10 13:00:00,Panorama,Snowboarding Lessons,Intermediate Snowboarding Lessons,Intermediate,70
2023-09-24 11:00:00,Panorama,Snowboarding Lessons,Intermediate Snowboarding Lessons,Intermediate,70
2024-12-02 16:00:00,Panorama,Snowboarding Lessons,Intermediate Snowboarding Lessons,Intermediate,70
2023-06-08 12:00:00,Panorama,Snowboarding Lessons,Advanced Snowboarding Lessons,Advanced,70
2024-06-27 11:00:00,Panorama,Snowboarding Lessons,Advanced Snowboarding Lessons,Advanced,70
2024-03-13 15:00:00,Panorama,Snowboarding Lessons,Advanced Snowboarding Lessons,Advanced,70
2023-10-08 13:00:00,Panorama,Snowboarding Lessons,Advanced Snowboarding Lessons,Advanced,70
2024-11-08 15:00:00,Panorama,Snowboarding Lessons,Advanced Snowboarding Lessons,Advanced,70
2023-08-20 14:00:00,Panorama,Ski Racing Lessons,Beginner Ski Racing Lessons,Beginner,100
2024-11-16 09:00:00,Panorama,Ski Racing Lessons,Beginner Ski Racing Lessons,Beginner,100
2024-05-31 16:00:00,Panorama,Ski Racing Lessons,Beginner Ski Racing Lessons,Beginner,100
2024-07-02 09:00:00,Panorama,Ski Racing Lessons,Beginner Ski Racing Lessons,Beginner,100
2023-04-14 15:00:00,Panorama,Ski Racing Lessons,Beginner Ski Racing Lessons,Beginner,100
2024-07-23 12:00:00,Panorama,Ski Racing Lessons,Intermediate Ski Racing Lessons,Intermediate,100
2023-08-20 12:00:00,Panorama,Ski Racing Lessons,Intermediate Ski Racing Lessons,Intermediate,100
2025-03-15 15:00:00,Panorama,Ski Racing Lessons,Intermediate Ski Racing Lessons,Intermediate,100
2023-06-25 15:00:00,Panorama,Ski Racing Lessons,Intermediate Ski Racing Lessons,Intermediate,100
2023-05-26 10:00:00,Panorama,Ski Racing Lessons,Intermediate Ski Racing Lessons,Intermediate,100
2024-06-18 13:00:00,Panorama,Ski Racing Lessons,Advanced Ski Racing Lessons,Advanced,100
2023-10-22 11:00:00,Panorama,Ski Racing Lessons,Advanced Ski Racing Lessons,Advanced,100
2024-07-30 16:00:00,Panorama,Ski Racing Lessons,Advanced Ski Racing Lessons,Advanced,100
2024-02-27 12:00:00,Panorama,Ski Racing Lessons,Advanced Ski Racing Lessons,Advanced,100
2023-12-05 15:00:00,Panorama,Ski Racing Lessons,Advanced Ski Racing Lessons,Advanced,100
2023-09-06 16:00:00,Norquay,Ski Equipment,Ski Instructor Workshop,Casual,75
2025-02-20 12:00:00,Norquay,Snowboarding,Freestyle Ski Show,Casual,100
2025-01-09 16:00:00,Norquay,Mountain Adventure,Snowshoeing Expedition,Casual,55
2025-01-22 14:00:00,Norquay,Ski Equipment,Ski Instructor Workshop,Casual,75
2023-09-14 15:00:00,Norquay,Skiing,Ski Hill Photography Workshop,Casual,100
2023-10-29 15:00:00,Norquay,Mountain Adventure,Snowshoeing Expedition,Casual,55
2023-07-25 11:00:00,Norquay,Ski Competitions,Ski Cross Competition,Casual,120
2023-06-15 16:00:00,Norquay,Apres-Ski,Apres-Ski Party,Casual,30
2023-04-02 15:00:00,Norquay,Mountain Adventure,Snowshoeing Expedition,Casual,55
2023-09-05 11:00:00,Norquay,Ski Equipment,Ski Instructor Workshop,Casual,75
2024-06-03 13:00:00,Norquay,Mountain Adventure,Ski Resort Charity Event,Casual,55
2025-02-09 09:00:00,Norquay,Mountain Adventure,Ski Resort Charity Event,Casual,55
2024-08-30 16:00:00,Norquay,Apres-Ski,Apres-Ski Party,Casual,30
2024-02-27 11:00:00,Norquay,Skiing,Ski and Snowboard Festival,Casual,100
2024-03-26 15:00:00,Norquay,Ski Equipment,Ski Instructor Workshop,Casual,75
2024-09-28 09:00:00,Norquay,Apres-Ski,Apres-Ski Party,Casual,30
2024-11-16 11:00:00,Norquay,Apres-Ski,Apres-Ski Party,Casual,30
2023-05-15 15:00:00,Norquay,Ski Competitions,Ski Cross Competition,Casual,120
2025-01-18 12:00:00,Norquay,Mountain Adventure,Snowshoeing Expedition,Casual,55
2024-01-23 10:00:00,Norquay,Mountain Dining,Mountain Restaurant Tasting,Casual,50
2023-09-01 11:00:00,Norquay,Apres-Ski,Ski Resort Wine Tasting,Casual,30
2023-04-20 13:00:00,Norquay,Skiing,Night Skiing Experience,Casual,100
2023-09-19 10:00:00,Norquay,Mountain Adventure,Ski Resort Charity Event,Casual,55
2024-11-05 09:00:00,Norquay,Ski Competitions,Ski Cross Competition,Casual,120
2023-04-09 10:00:00,Norquay,Snowboarding,Freestyle Ski Show,Casual,100
2024-06-17 12:00:00,Norquay,Skiing,Night Skiing Experience,Casual,100
2023-12-05 14:00:00,Norquay,Ski Equipment,Ski Instructor Workshop,Casual,75
2025-01-13 12:00:00,Norquay,Skiing,Ski Hill Photography Workshop,Casual,100
2025-02-11 14:00:00,Norquay,Snowboarding,Freestyle Ski Show,Casual,100
2024-03-14 10:00:00,Norquay,Ski Equipment,Ski Instructor Workshop,Casual,75
2024-01-01 13:00:00,Norquay,Ski Equipment,Ski Gear Expo,Casual,75
2023-03-26 15:00:00,Norquay,Snowboarding,Snow Sculpture Contest,Casual,100
2023-08-27 11:00:00,Norquay,Mountain Dining,Mountain Restaurant Tasting,Casual,50
2023-12-13 10:00:00,Norquay,Safety Lessons,Ski Patrol Demonstration,Casual,25
2024-08-20 14:00:00,Norquay,Mountain Adventure,Ski Resort Charity Event,Casual,55
2024-11-05 14:00:00,Norquay,Safety Lessons,Ski Patrol Demonstration,Casual,25
2025-01-17 09:00:00,Norquay,Mountain Adventure,Snowshoeing Expedition,Casual,55
2024-03-18 15:00:00,Norquay,Mountain Adventure,Ski Resort Charity Event,Casual,55
2024-08-28 14:00:00,Norquay,Ski Competitions,Ski Cross Competition,Casual,120
2023-11-03 14:00:00,Norquay,Skiing,Night Skiing Experience,Casual,100
2023-06-29 15:00:00,Norquay,Skiing Lessons,Beginner Skiing Lessons,Beginner,70
2023-03-28 11:00:00,Norquay,Skiing Lessons,Beginner Skiing Lessons,Beginner,70
2023-11-29 13:00:00,Norquay,Skiing Lessons,Beginner Skiing Lessons,Beginner,70
2024-09-13 10:00:00,Norquay,Skiing Lessons,Beginner Skiing Lessons,Beginner,70
2024-04-28 11:00:00,Norquay,Skiing Lessons,Beginner Skiing Lessons,Beginner,70
2023-05-22 16:00:00,Norquay,Skiing Lessons,Intermediate Skiing Lessons,Intermediate,70
2023-12-28 13:00:00,Norquay,Skiing Lessons,Intermediate Skiing Lessons,Intermediate,70
2024-08-14 14:00:00,Norquay,Skiing Lessons,Intermediate Skiing Lessons,Intermediate,70
2024-04-17 14:00:00,Norquay,Skiing Lessons,Intermediate Skiing Lessons,Intermediate,70
2023-06-25 16:00:00,Norquay,Skiing Lessons,Intermediate Skiing Lessons,Intermediate,70
2023-10-20 15:00:00,Norquay,Skiing Lessons,Advanced Skiing Lessons,Advanced,70
2024-08-09 15:00:00,Norquay,Skiing Lessons,Advanced Skiing Lessons,Advanced,70
2024-05-01 14:00:00,Norquay,Skiing Lessons,Advanced Skiing Lessons,Advanced,70
2024-10-13 15:00:00,Norquay,Skiing Lessons,Advanced Skiing Lessons,Advanced,70
2023-07-20 16:00:00,Norquay,Skiing Lessons,Advanced Skiing Lessons,Advanced,70
2025-03-03 16:00:00,Norquay,Snowboarding Lessons,Beginner Snowboarding Lessons,Beginner,70
2024-06-26 13:00:00,Norquay,Snowboarding Lessons,Beginner Snowboarding Lessons,Beginner,70
2023-10-10 11:00:00,Norquay,Snowboarding Lessons,Beginner Snowboarding Lessons,Beginner,70
2024-07-17 12:00:00,Norquay,Snowboarding Lessons,Beginner Snowboarding Lessons,Beginner,70
2023-04-21 10:00:00,Norquay,Snowboarding Lessons,Beginner Snowboarding Lessons,Beginner,70
2023-05-19 13:00:00,Norquay,Snowboarding Lessons,Intermediate Snowboarding Lessons,Intermediate,70
2024-03-22 12:00:00,Norquay,Snowboarding Lessons,Intermediate Snowboarding Lessons,Intermediate,70
2023-06-30 12:00:00,Norquay,Snowboarding Lessons,Intermediate Snowboarding Lessons,Intermediate,70
2024-09-01 13:00:00,Norquay,Snowboarding Lessons,Intermediate Snowboarding Lessons,Intermediate,70
2024-08-11 13:00:00,Norquay,Snowboarding Lessons,Intermediate Snowboarding Lessons,Intermediate,70
2024-03-28 14:00:00,Norquay,Snowboarding Lessons,Advanced Snowboarding Lessons,Advanced,70
2023-12-07 16:00:00,Norquay,Snowboarding Lessons,Advanced Snowboarding Lessons,Advanced,70
2025-01-01 16:00:00,Norquay,Snowboarding Lessons,Advanced Snowboarding Lessons,Advanced,70
2023-04-25 11:00:00,Norquay,Snowboarding Lessons,Advanced Snowboarding Lessons,Advanced,70
2024-08-29 09:00:00,Norquay,Snowboarding Lessons,Advanced Snowboarding Lessons,Advanced,70
2023-05-12 15:00:00,Norquay,Ski Racing Lessons,Beginner Ski Racing Lessons,Beginner,100
2023-12-06 12:00:00,Norquay,Ski Racing Lessons,Beginner Ski Racing Lessons,Beginner,100
2023-05-10 13:00:00,Norquay,Ski Racing Lessons,Beginner Ski Racing Lessons,Beginner,100
2024-03-31 10:00:00,Norquay,Ski Racing Lessons,Beginner Ski Racing Lessons,Beginner,100
2024-03-16 14:00:00,Norquay,Ski Racing Lessons,Beginner Ski Racing Lessons,Beginner,100
2024-07-14 12:00:00,Norquay,Ski Racing Lessons,Intermediate Ski Racing Lessons,Intermediate,100
2024-04-27 11:00:00,Norquay,Ski Racing Lessons,Intermediate Ski Racing Lessons,Intermediate,100
2024-01-08 11:00:00,Norquay,Ski Racing Lessons,Intermediate Ski Racing Lessons,Intermediate,100
2023-10-11 12:00:00,Norquay,Ski Racing Lessons,Intermediate Ski Racing Lessons,Intermediate,100
2023-04-14 11:00:00,Norquay,Ski Racing Lessons,Intermediate Ski Racing Lessons,Intermediate,100
2024-03-06 11:00:00,Norquay,Ski Racing Lessons,Advanced Ski Racing Lessons,Advanced,100
2024-12-05 13:00:00,Norquay,Ski Racing Lessons,Advanced Ski Racing Lessons,Advanced,100
2024-03-30 13:00:00,Norquay,Ski Racing Lessons,Advanced Ski Racing Lessons,Advanced,100
2024-05-24 16:00:00,Norquay,Ski Racing Lessons,Advanced Ski Racing Lessons,Advanced,100
2024-06-23 11:00:00,Norquay,Ski Racing Lessons,Advanced Ski Racing Lessons,Advanced,100
2023-04-24 15:00:00,Kimberley,Apres-Ski,Apres-Ski Party,Casual,30
2024-05-13 14:00:00,Kimberley,Skiing,Ski Hill Photography Workshop,Casual,100
2024-10-03 10:00:00,Kimberley,Apres-Ski,Apres-Ski Party,Casual,30
2023-06-13 09:00:00,Kimberley,Mountain Adventure,Snowshoeing Expedition,Casual,55
2024-11-20 11:00:00,Kimberley,Mountain Dining,Torchlight Parade,Casual,50
2023-07-02 13:00:00,Kimberley,Snowboarding,Ski-In Movie Night,Casual,100
2024-04-03 11:00:00,Kimberley,Skiing,Night Skiing Experience,Casual,100
2023-11-24 12:00:00,Kimberley,Ski Competitions,Ski Cross Competition,Casual,120
2024-07-09 10:00:00,Kimberley,Mountain Adventure,Snowshoeing Expedition,Casual,55
2023-06-03 12:00:00,Kimberley,Ski Competitions,Ski Cross Competition,Casual,120
2023-11-05 16:00:00,Kimberley,Ski Competitions,Ski Cross Competition,Casual,120
2024-03-26 16:00:00,Kimberley,Mountain Dining,Mountain Restaurant Tasting,Casual,50
2024-06-23 10:00:00,Kimberley,Mountain Adventure,Snowshoeing Expedition,Casual,55
2024-12-28 12:00:00,Kimberley,Skiing,Ski Marathon,Casual,100
2024-09-24 16:00:00,Kimberley,Skiing,Night Skiing Experience,Casual,100
2023-07-30 11:00:00,Kimberley,Snowboarding,Snow Sculpture Contest,Casual,100
2024-03-26 11:00:00,Kimberley,Skiing,Ski and Snowboard Festival,Casual,100
2023-07-23 13:00:00,Kimberley,Safety Lessons,Ski Patrol Demonstration,Casual,25
2024-03-08 10:00:00,Kimberley,Snowboarding,Ski-In Movie Night,Casual,100
2023-11-30 13:00:00,Kimberley,Mountain Adventure,Ski Resort Charity Event,Casual,55
2025-03-17 11:00:00,Kimberley,Skiing,Ski and Snowboard Festival,Casual,100
2024-01-05 11:00:00,Kimberley,Apres-Ski,Ski Resort Wine Tasting,Casual,30
2025-02-18 11:00:00,Kimberley,Mountain Dining,Torchlight Parade,Casual,50
2023-12-11 09:00:00,Kimberley,Mountain Dining,Torchlight Parade,Casual,50
2023-09-15 15:00:00,Kimberley,Snowboarding,Ski Gear Swap,Casual,100
2023-04-03 12:00:00,Kimberley,Ski Competitions,Ski Cross Competition,Casual,120
2023-06-01 14:00:00,Kimberley,Skiing,Night Skiing Experience,Casual,100
2024-07-08 10:00:00,Kimberley,Ski Equipment,Ski Instructor Workshop,Casual,75
2024-07-17 16:00:00,Kimberley,Skiing,Ski and Snowboard Festival,Casual,100
2024-05-28 16:00:00,Kimberley,Ski Competitions,Ski Cross Competition,Casual,120
2024-12-15 11:00:00,Kimberley,Ski Equipment,Ski Instructor Workshop,Casual,75
2023-05-18 13:00:00,Kimberley,Mountain Dining,Mountain Restaurant Tasting,Casual,50
2024-03-08 14:00:00,Kimberley,Mountain Adventure,Ski Resort Charity Event,Casual,55
2023-06-08 09:00:00,Kimberley,Ski Competitions,Ski Cross Competition,Casual,120
2024-10-12 16:00:00,Kimberley,Safety Lessons,Ski Patrol Demonstration,Casual,25
2025-01-26 16:00:00,Kimberley,Ski Equipment,Ski Instructor Workshop,Casual,75
2023-09-09 16:00:00,Kimberley,Mountain Dining,Torchlight Parade,Casual,50
2025-01-01 14:00:00,Kimberley,Snowboarding,Snow Sculpture Contest,Casual,100
2024-02-02 15:00:00,Kimberley,Ski Competitions,Ski Cross Competition,Casual,120
2024-10-17 11:00:00,Kimberley,Safety Lessons,Ski Patrol Demonstration,Casual,25
2024-03-14 16:00:00,Kimberley,Skiing Lessons,Beginner Skiing Lessons,Beginner,70
2023-05-17 13:00:00,Kimberley,Skiing Lessons,Beginner Skiing Lessons,Beginner,70
2023-07-20 14:00:00,Kimberley,Skiing Lessons,Beginner Skiing Lessons,Beginner,70
2024-03-07 12:00:00,Kimberley,Skiing Lessons,Beginner Skiing Lessons,Beginner,70
2024-07-16 10:00:00,Kimberley,Skiing Lessons,Beginner Skiing Lessons,Beginner,70
2024-12-16 11:00:00,Kimberley,Skiing Lessons,Intermediate Skiing Lessons,Intermediate,70
2025-02-10 11:00:00,Kimberley,Skiing Lessons,Intermediate Skiing Lessons,Intermediate,70
2024-02-17 14:00:00,Kimberley,Skiing Lessons,Intermediate Skiing Lessons,Intermediate,70
2023-08-28 14:00:00,Kimberley,Skiing Lessons,Intermediate Skiing Lessons,Intermediate,70
2024-12-25 15:00:00,Kimberley,Skiing Lessons,Intermediate Skiing Lessons,Intermediate,70
2024-11-05 11:00:00,Kimberley,Skiing Lessons,Advanced Skiing Lessons,Advanced,70
2023-12-23 16:00:00,Kimberley,Skiing Lessons,Advanced Skiing Lessons,Advanced,70
2023-05-03 11:00:00,Kimberley,Skiing Lessons,Advanced Skiing Lessons,Advanced,70
2023-11-26 12:00:00,Kimberley,Skiing Lessons,Advanced Skiing Lessons,Advanced,70
2024-11-18 15:00:00,Kimberley,Skiing Lessons,Advanced Skiing Lessons,Advanced,70
2024-06-16 14:00:00,Kimberley,Snowboarding Lessons,Beginner Snowboarding Lessons,Beginner,70
2024-06-15 12:00:00,Kimberley,Snowboarding Lessons,Beginner Snowboarding Lessons,Beginner,70
2024-05-09 15:00:00,Kimberley,Snowboarding Lessons,Beginner Snowboarding Lessons,Beginner,70
2023-11-30 16:00:00,Kimberley,Snowboarding Lessons,Beginner Snowboarding Lessons,Beginner,70
2024-04-03 10:00:00,Kimberley,Snowboarding Lessons,Beginner Snowboarding Lessons,Beginner,70
2024-08-07 16:00:00,Kimberley,Snowboarding Lessons,Intermediate Snowboarding Lessons,Intermediate,70
2023-11-03 14:00:00,Kimberley,Snowboarding Lessons,Intermediate Snowboarding Lessons,Intermediate,70
2023-04-10 12:00:00,Kimberley,Snowboarding Lessons,Intermediate Snowboarding Lessons,Intermediate,70
2024-12-27 11:00:00,Kimberley,Snowboarding Lessons,Intermediate Snowboarding Lessons,Intermediate,70
2025-03-12 09:00:00,Kimberley,Snowboarding Lessons,Intermediate Snowboarding Lessons,Intermediate,70
2024-09-07 13:00:00,Kimberley,Snowboarding Lessons,Advanced Snowboarding Lessons,Advanced,70
2023-10-16 15:00:00,Kimberley,Snowboarding Lessons,Advanced Snowboarding Lessons,Advanced,70
2024-06-30 12:00:00,Kimberley,Snowboarding Lessons,Advanced Snowboarding Lessons,Advanced,70
2024-04-19 09:00:00,Kimberley,Snowboarding Lessons,Advanced Snowboarding Lessons,Advanced,70
2023-10-20 09:00:00,Kimberley,Snowboarding Lessons,Advanced Snowboarding Lessons,Advanced,70
2024-04-16 16:00:00,Kimberley,Ski Racing Lessons,Beginner Ski Racing Lessons,Beginner,100
2025-02-03 09:00:00,Kimberley,Ski Racing Lessons,Beginner Ski Racing Lessons,Beginner,100
2023-10-27 09:00:00,Kimberley,Ski Racing Lessons,Beginner Ski Racing Lessons,Beginner,100
2023-04-11 15:00:00,Kimberley,Ski Racing Lessons,Beginner Ski Racing Lessons,Beginner,100
2024-07-18 11:00:00,Kimberley,Ski Racing Lessons,Beginner Ski Racing Lessons,Beginner,100
2024-02-03 14:00:00,Kimberley,Ski Racing Lessons,Intermediate Ski Racing Lessons,Intermediate,100
2024-12-13 09:00:00,Kimberley,Ski Racing Lessons,Intermediate Ski Racing Lessons,Intermediate,100
2024-09-19 11:00:00,Kimberley,Ski Racing Lessons,Intermediate Ski Racing Lessons,Intermediate,100
2024-01-22 12:00:00,Kimberley,Ski Racing Lessons,Intermediate Ski Racing Lessons,Intermediate,100
2024-12-07 16:00:00,Kimberley,Ski Racing Lessons,Intermediate Ski Racing Lessons,Intermediate,100
2023-07-22 16:00:00,Kimberley,Ski Racing Lessons,Advanced Ski Racing Lessons,Advanced,100
2024-12-12 11:00:00,Kimberley,Ski Racing Lessons,Advanced Ski Racing Lessons,Advanced,100
2024-05-01 12:00:00,Kimberley,Ski Racing Lessons,Advanced Ski Racing Lessons,Advanced,100
2023-09-22 11:00:00,Kimberley,Ski Racing Lessons,Advanced Ski Racing Lessons,Advanced,100
2024-03-18 13:00:00,Kimberley,Ski Racing Lessons,Advanced Ski Racing Lessons,Advanced,100
2023-05-22 16:00:00,SilverStar,Ski Competitions,Ski Cross Competition,Casual,120
2023-06-11 16:00:00,SilverStar,Safety Lessons,Ski Patrol Demonstration,Casual,25
2024-10-03 13:00:00,SilverStar,Safety Lessons,Ski Patrol Demonstration,Casual,25
2025-02-22 09:00:00,SilverStar,Ski Competitions,Ski Cross Competition,Casual,120
2024-10-02 16:00:00,SilverStar,Apres-Ski,Apres-Ski Party,Casual,30
2024-04-20 10:00:00,SilverStar,Apres-Ski,Apres-Ski Party,Casual,30
2024-02-15 10:00:00,SilverStar,Snowboarding,Freestyle Ski Show,Casual,100
2023-03-28 10:00:00,SilverStar,Snowboarding,Ski-In Movie Night,Casual,100
2023-09-03 16:00:00,SilverStar,Ski Competitions,Ski Cross Competition,Casual,120
2024-12-28 16:00:00,SilverStar,Mountain Dining,Mountain Restaurant Tasting,Casual,50
2025-03-13 12:00:00,SilverStar,Mountain Dining,Torchlight Parade,Casual,50
2025-02-12 16:00:00,SilverStar,Snowboarding,Ski-In Movie Night,Casual,100
2023-12-12 09:00:00,SilverStar,Snowboarding,Snow Sculpture Contest,Casual,100
2024-09-27 13:00:00,SilverStar,Ski Equipment,Ski Gear Expo,Casual,75
2024-10-24 09:00:00,SilverStar,Ski Equipment,Ski Instructor Workshop,Casual,75
2023-10-26 10:00:00,SilverStar,Mountain Adventure,Ski Resort Charity Event,Casual,55
2024-07-12 12:00:00,SilverStar,Mountain Adventure,Ski Resort Charity Event,Casual,55
2023-11-16 11:00:00,SilverStar,Skiing,Ski Marathon,Casual,100
2023-07-09 16:00:00,SilverStar,Mountain Adventure,Ski Resort Charity Event,Casual,55
2023-04-20 14:00:00,SilverStar,Apres-Ski,Ski Resort Wine Tasting,Casual,30
2024-06-30 10:00:00,SilverStar,Safety Lessons,Ski Patrol Demonstration,Casual,25
2023-03-25 09:00:00,SilverStar,Mountain Adventure,Ski Resort Charity Event,Casual,55
2024-01-17 15:00:00,SilverStar,Skiing,Ski Marathon,Casual,100
2024-12-16 12:00:00,SilverStar,Apres-Ski,Ski Resort Wine Tasting,Casual,30
2023-10-05 13:00:00,SilverStar,Ski Equipment,Ski Gear Expo,Casual,75
2024-11-29 09:00:00,SilverStar,Ski Competitions,Ski Cross Competition,Casual,120
2023-07-11 16:00:00,SilverStar,Mountain Adventure,Snowshoeing Expedition,Casual,55
2024-07-17 16:00:00,SilverStar,Mountain Adventure,Snowshoeing Expedition,Casual,55
2024-11-14 15:00:00,SilverStar,Safety Lessons,Ski Patrol Demonstration,Casual,25
2024-10-24 14:00:00,SilverStar,Mountain Adventure,Ski Resort Charity Event,Casual,55
2024-12-26 16:00:00,SilverStar,Mountain Adventure,Ski Resort Charity Event,Casual,55
2023-05-29 15:00:00,SilverStar,Ski Competitions,Ski Cross Competition,Casual,120
2023-12-13 16:00:00,SilverStar,Mountain Dining,Mountain Restaurant Tasting,Casual,50
2024-05-28 15:00:00,SilverStar,Apres-Ski,Ski Resort Wine Tasting,Casual,30
2024-10-14 09:00:00,SilverStar,Mountain Adventure,Snowshoeing Expedition,Casual,55
2024-05-24 11:00:00,SilverStar,Safety Lessons,Ski Patrol Demonstration,Casual,25
2024-06-11 10:00:00,SilverStar,Skiing,Ski and Snowboard Festival,Casual,100
2024-07-10 10:00:00,SilverStar,Mountain Dining,Torchlight Parade,Casual,50
2023-08-05 16:00:00,SilverStar,Skiing,Ski Hill Photography Workshop,Casual,100
2023-06-03 09:00:00,SilverStar,Mountain Dining,Mountain Restaurant Tasting,Casual,50
2025-01-21 12:00:00,SilverStar,Skiing Lessons,Beginner Skiing Lessons,Beginner,70
2024-08-21 13:00:00,SilverStar,Skiing Lessons,Beginner Skiing Lessons,Beginner,70
2024-02-17 11:00:00,SilverStar,Skiing Lessons,Beginner Skiing Lessons,Beginner,70
2023-10-21 14:00:00,SilverStar,Skiing Lessons,Beginner Skiing Lessons,Beginner,70
2024-07-20 12:00:00,SilverStar,Skiing Lessons,Beginner Skiing Lessons,Beginner,70
2024-05-09 10:00:00,SilverStar,Skiing Lessons,Intermediate Skiing Lessons,Intermediate,70
2024-09-23 15:00:00,SilverStar,Skiing Lessons,Intermediate Skiing Lessons,Intermediate,70
2023-06-02 15:00:00,SilverStar,Skiing Lessons,Intermediate Skiing Lessons,Intermediate,70
2023-07-30 13:00:00,SilverStar,Skiing Lessons,Intermediate Skiing Lessons,Intermediate,70
2025-01-31 15:00:00,SilverStar,Skiing Lessons,Intermediate Skiing Lessons,Intermediate,70
2023-09-27 09:00:00,SilverStar,Skiing Lessons,Advanced Skiing Lessons,Advanced,70
2024-12-23 12:00:00,SilverStar,Skiing Lessons,Advanced Skiing Lessons,Advanced,70
2023-11-01 16:00:00,SilverStar,Skiing Lessons,Advanced Skiing Lessons,Advanced,70
2023-08-21 10:00:00,SilverStar,Skiing Lessons,Advanced Skiing Lessons,Advanced,70
2024-07-05 11:00:00,SilverStar,Skiing Lessons,Advanced Skiing Lessons,Advanced,70
2023-04-24 11:00:00,SilverStar,Snowboarding Lessons,Beginner Snowboarding Lessons,Beginner,70
2024-10-15 14:00:00,SilverStar,Snowboarding Lessons,Beginner Snowboarding Lessons,Beginner,70
2024-08-12 13:00:00,SilverStar,Snowboarding Lessons,Beginner Snowboarding Lessons,Beginner,70
2024-02-25 13:00:00,SilverStar,Snowboarding Lessons,Beginner Snowboarding Lessons,Beginner,70
2025-02-20 13:00:00,SilverStar,Snowboarding Lessons,Beginner Snowboarding Lessons,Beginner,70
2023-08-29 09:00:00,SilverStar,Snowboarding Lessons,Intermediate Snowboarding Lessons,Intermediate,70
2024-10-13 14:00:00,SilverStar,Snowboarding Lessons,Intermediate Snowboarding Lessons,Intermediate,70
2023-12-30 12:00:00,SilverStar,Snowboarding Lessons,Intermediate Snowboarding Lessons,Intermediate,70
2024-09-20 11:00:00,SilverStar,Snowboarding Lessons,Intermediate Snowboarding Lessons,Intermediate,70
2024-03-23 13:00:00,SilverStar,Snowboarding Lessons,Intermediate Snowboarding Lessons,Intermediate,70
2023-10-27 14:00:00,SilverStar,Snowboarding Lessons,Advanced Snowboarding Lessons,Advanced,70
2023-05-30 16:00:00,SilverStar,Snowboarding Lessons,Advanced Snowboarding Lessons,Advanced,70
2023-12-09 10:00:00,SilverStar,Snowboarding Lessons,Advanced Snowboarding Lessons,Advanced,70
2025-03-10 15:00:00,SilverStar,Snowboarding Lessons,Advanced Snowboarding Lessons,Advanced,70
2024-03-27 13:00:00,SilverStar,Snowboarding Lessons,Advanced Snowboarding Lessons,Advanced,70
2023-11-25 13:00:00,SilverStar,Ski Racing Lessons,Beginner Ski Racing Lessons,Beginner,100
2024-10-17 15:00:00,SilverStar,Ski Racing Lessons,Beginner Ski Racing Lessons,Beginner,100
2023-12-28 10:00:00,SilverStar,Ski Racing Lessons,Beginner Ski Racing Lessons,Beginner,100
2024-05-23 14:00:00,SilverStar,Ski Racing Lessons,Beginner Ski Racing Lessons,Beginner,100
2023-04-24 16:00:00,SilverStar,Ski Racing Lessons,Beginner Ski Racing Lessons,Beginner,100
2025-01-02 13:00:00,SilverStar,Ski Racing Lessons,Intermediate Ski Racing Lessons,Intermediate,100
2023-07-11 16:00:00,SilverStar,Ski Racing Lessons,Intermediate Ski Racing Lessons,Intermediate,100
2023-10-11 16:00:00,SilverStar,Ski Racing Lessons,Intermediate Ski Racing Lessons,Intermediate,100
2024-02-13 16:00:00,SilverStar,Ski Racing Lessons,Intermediate Ski Racing Lessons,Intermediate,100
2024-08-23 11:00:00,SilverStar,Ski Racing Lessons,Intermediate Ski Racing Lessons,Intermediate,100
2024-05-11 10:00:00,SilverStar,Ski Racing Lessons,Advanced Ski Racing Lessons,Advanced,100
2024-12-24 10:00:00,SilverStar,Ski Racing Lessons,Advanced Ski Racing Lessons,Advanced,100
2023-12-16 13:00:00,SilverStar,Ski Racing Lessons,Advanced Ski Racing Lessons,Advanced,100
2024-09-11 14:00:00,SilverStar,Ski Racing Lessons,Advanced Ski Racing Lessons,Advanced,100
2024-01-07 16:00:00,SilverStar,Ski Racing Lessons,Advanced Ski Racing Lessons,Advanced,100
2023-10-25 11:00:00,SunPeaks,Ski Equipment,Ski Instructor Workshop,Casual,75
2024-10-19 11:00:00,SunPeaks,Safety Lessons,Ski Patrol Demonstration,Casual,25
2024-09-13 12:00:00,SunPeaks,Mountain Adventure,Snowshoeing Expedition,Casual,55
2023-09-26 16:00:00,SunPeaks,Apres-Ski,Apres-Ski Party,Casual,30
2024-12-28 09:00:00,SunPeaks,Mountain Adventure,Ski Resort Charity Event,Casual,55
2023-10-15 12:00:00,SunPeaks,Skiing,Ski Hill Photography Workshop,Casual,100
2024-10-18 16:00:00,SunPeaks,Mountain Dining,Mountain Restaurant Tasting,Casual,50
2024-06-26 13:00:00,SunPeaks,Mountain Adventure,Ski Resort Charity Event,Casual,55
2024-08-22 14:00:00,SunPeaks,Snowboarding,Ski Gear Swap,Casual,100
2024-12-21 13:00:00,SunPeaks,Ski Equipment,Ski Instructor Workshop,Casual,75
2024-06-23 12:00:00,SunPeaks,Skiing,Ski Marathon,Casual,100
2023-07-27 16:00:00,SunPeaks,Mountain Adventure,Snowshoeing Expedition,Casual,55
2024-07-17 10:00:00,SunPeaks,Mountain Adventure,Snowshoeing Expedition,Casual,55
2024-05-31 09:00:00,SunPeaks,Mountain Dining,Torchlight Parade,Casual,50
2023-10-19 12:00:00,SunPeaks,Mountain Adventure,Ski Resort Charity Event,Casual,55
2025-01-03 10:00:00,SunPeaks,Ski Competitions,Ski Cross Competition,Casual,120
2023-05-09 14:00:00,SunPeaks,Ski Competitions,Ski Cross Competition,Casual,120
2024-11-06 15:00:00,SunPeaks,Skiing,Ski Marathon,Casual,100
2024-09-08 15:00:00,SunPeaks,Skiing,Ski Hill Photography Workshop,Casual,100
2024-01-31 14:00:00,SunPeaks,Ski Competitions,Ski Cross Competition,Casual,120
2023-06-19 15:00:00,SunPeaks,Ski Competitions,Ski Cross Competition,Casual,120
2024-03-09 11:00:00,SunPeaks,Ski Equipment,Ski Instructor Workshop,Casual,75
2023-07-26 11:00:00,SunPeaks,Skiing,Ski and Snowboard Festival,Casual,100
2023-08-12 12:00:00,SunPeaks,Safety Lessons,Ski Patrol Demonstration,Casual,25
2024-03-20 09:00:00,SunPeaks,Safety Lessons,Ski Patrol Demonstration,Casual,25
2023-08-17 13:00:00,SunPeaks,Skiing,Ski and Snowboard Festival,Casual,100
2023-06-21 10:00:00,SunPeaks,Apres-Ski,Apres-Ski Party,Casual,30
2023-09-11 13:00:00,SunPeaks,Safety Lessons,Ski Patrol Demonstration,Casual,25
2024-12-03 16:00:00,SunPeaks,Snowboarding,Ski-In Movie Night,Casual,100
2024-03-03 10:00:00,SunPeaks,Snowboarding,Snow Sculpture Contest,Casual,100
2024-06-02 15:00:00,SunPeaks,Skiing,Night Skiing Experience,Casual,100
2023-09-22 09:00:00,SunPeaks,Snowboarding,Ski-In Movie Night,Casual,100
2024-01-11 14:00:00,SunPeaks,Mountain Adventure,Ski Resort Charity Event,Casual,55
2024-12-04 16:00:00,SunPeaks,Skiing,Ski and Snowboard Festival,Casual,100
2024-07-18 10:00:00,SunPeaks,Apres-Ski,Apres-Ski Party,Casual,30
2024-07-28 16:00:00,SunPeaks,Mountain Dining,Torchlight Parade,Casual,50
2023-08-29 11:00:00,SunPeaks,Ski Equipment,Ski Instructor Workshop,Casual,75
2024-11-19 16:00:00,SunPeaks,Mountain Dining,Torchlight Parade,Casual,50
2024-01-07 11:00:00,SunPeaks,Ski Equipment,Ski Instructor Workshop,Casual,75
2024-03-30 11:00:00,SunPeaks,Ski Competitions,Ski Cross Competition,Casual,120
2024-12-16 15:00:00,SunPeaks,Skiing Lessons,Beginner Skiing Lessons,Beginner,70
2024-05-04 09:00:00,SunPeaks,Skiing Lessons,Beginner Skiing Lessons,Beginner,70
2024-11-13 12:00:00,SunPeaks,Skiing Lessons,Beginner Skiing Lessons,Beginner,70
2023-06-25 13:00:00,SunPeaks,Skiing Lessons,Beginner Skiing Lessons,Beginner,70
2023-06-16 09:00:00,SunPeaks,Skiing Lessons,Beginner Skiing Lessons,Beginner,70
2024-07-21 14:00:00,SunPeaks,Skiing Lessons,Intermediate Skiing Lessons,Intermediate,70
2024-12-10 15:00:00,SunPeaks,Skiing Lessons,Intermediate Skiing Lessons,Intermediate,70
2024-10-05 13:00:00,SunPeaks,Skiing Lessons,Intermediate Skiing Lessons,Intermediate,70
2024-08-21 15:00:00,SunPeaks,Skiing Lessons,Intermediate Skiing Lessons,Intermediate,70
2023-11-08 09:00:00,SunPeaks,Skiing Lessons,Intermediate Skiing Lessons,Intermediate,70
2024-04-23 09:00:00,SunPeaks,Skiing Lessons,Advanced Skiing Lessons,Advanced,70
2025-02-18 13:00:00,SunPeaks,Skiing Lessons,Advanced Skiing Lessons,Advanced,70
2023-05-03 13:00:00,SunPeaks,Skiing Lessons,Advanced Skiing Lessons,Advanced,70
2023-11-13 11:00:00,SunPeaks,Skiing Lessons,Advanced Skiing Lessons,Advanced,70
2023-09-23 12:00:00,SunPeaks,Skiing Lessons,Advanced Skiing Lessons,Advanced,70
2023-11-24 15:00:00,SunPeaks,Snowboarding Lessons,Beginner Snowboarding Lessons,Beginner,70
2024-12-22 14:00:00,SunPeaks,Snowboarding Lessons,Beginner Snowboarding Lessons,Beginner,70
2023-04-05 14:00:00,SunPeaks,Snowboarding Lessons,Beginner Snowboarding Lessons,Beginner,70
2023-11-12 14:00:00,SunPeaks,Snowboarding Lessons,Beginner Snowboarding Lessons,Beginner,70
2023-04-10 09:00:00,SunPeaks,Snowboarding Lessons,Beginner Snowboarding Lessons,Beginner,70
2024-11-27 10:00:00,SunPeaks,Snowboarding Lessons,Intermediate Snowboarding Lessons,Intermediate,70
2024-11-25 11:00:00,SunPeaks,Snowboarding Lessons,Intermediate Snowboarding Lessons,Intermediate,70
2024-07-29 16:00:00,SunPeaks,Snowboarding Lessons,Intermediate Snowboarding Lessons,Intermediate,70
2024-10-07 13:00:00,SunPeaks,Snowboarding Lessons,Intermediate Snowboarding Lessons,Intermediate,70
2024-10-03 11:00:00,SunPeaks,Snowboarding Lessons,Intermediate Snowboarding Lessons,Intermediate,70
2023-08-12 11:00:00,SunPeaks,Snowboarding Lessons,Advanced Snowboarding Lessons,Advanced,70
2023-07-04 14:00:00,SunPeaks,Snowboarding Lessons,Advanced Snowboarding Lessons,Advanced,70
2024-09-04 15:00:00,SunPeaks,Snowboarding Lessons,Advanced Snowboarding Lessons,Advanced,70
2024-12-12 14:00:00,SunPeaks,Snowboarding Lessons,Advanced Snowboarding Lessons,Advanced,70
2024-10-02 10:00:00,SunPeaks,Snowboarding Lessons,Advanced Snowboarding Lessons,Advanced,70
2024-08-15 10:00:00,SunPeaks,Ski Racing Lessons,Beginner Ski Racing Lessons,Beginner,100
2024-04-05 09:00:00,SunPeaks,Ski Racing Lessons,Beginner Ski Racing Lessons,Beginner,100
2023-03-28 14:00:00,SunPeaks,Ski Racing Lessons,Beginner Ski Racing Lessons,Beginner,100
2024-07-09 11:00:00,SunPeaks,Ski Racing Lessons,Beginner Ski Racing Lessons,Beginner,100
2024-05-19 12:00:00,SunPeaks,Ski Racing Lessons,Beginner Ski Racing Lessons,Beginner,100
2024-03-22 12:00:00,SunPeaks,Ski Racing Lessons,Intermediate Ski Racing Lessons,Intermediate,100
2025-01-11 11:00:00,SunPeaks,Ski Racing Lessons,Intermediate Ski Racing Lessons,Intermediate,100
2023-10-30 09:00:00,SunPeaks,Ski Racing Lessons,Intermediate Ski Racing Lessons,Intermediate,100
2023-10-29 09:00:00,SunPeaks,Ski Racing Lessons,Intermediate Ski Racing Lessons,Intermediate,100
2023-11-29 09:00:00,SunPeaks,Ski Racing Lessons,Intermediate Ski Racing Lessons,Intermediate,100
2024-07-14 09:00:00,SunPeaks,Ski Racing Lessons,Advanced Ski Racing Lessons,Advanced,100
2023-07-24 10:00:00,SunPeaks,Ski Racing Lessons,Advanced Ski Racing Lessons,Advanced,100
2023-06-08 13:00:00,SunPeaks,Ski Racing Lessons,Advanced Ski Racing Lessons,Advanced,100
2024-04-26 10:00:00,SunPeaks,Ski Racing Lessons,Advanced Ski Racing Lessons,Advanced,100
2023-05-29 10:00:00,SunPeaks,Ski Racing Lessons,Advanced Ski Racing Lessons,Advanced,100
2025-01-25 11:00:00,BigWhite,Ski Competitions,Ski Cross Competition,Casual,120
2025-03-03 09:00:00,BigWhite,Ski Equipment,Ski Gear Expo,Casual,75
2025-02-16 13:00:00,BigWhite,Apres-Ski,Apres-Ski Party,Casual,30
2023-07-20 09:00:00,BigWhite,Ski Equipment,Ski Instructor Workshop,Casual,75
2024-08-09 13:00:00,BigWhite,Mountain Adventure,Snowshoeing Expedition,Casual,55
2024-01-02 15:00:00,BigWhite,Snowboarding,Freestyle Ski Show,Casual,100
2025-03-10 11:00:00,BigWhite,Skiing,Ski Hill Photography Workshop,Casual,100
2025-02-14 15:00:00,BigWhite,Apres-Ski,Ski Resort Wine Tasting,Casual,30
2024-05-24 10:00:00,BigWhite,Safety Lessons,Ski Patrol Demonstration,Casual,25
2025-02-25 11:00:00,BigWhite,Mountain Dining,Torchlight Parade,Casual,50
2024-07-11 10:00:00,BigWhite,Skiing,Night Skiing Experience,Casual,100
2023-04-03 09:00:00,BigWhite,Mountain Dining,Mountain Restaurant Tasting,Casual,50
2023-12-25 11:00:00,BigWhite,Apres-Ski,Apres-Ski Party,Casual,30
2023-05-11 09:00:00,BigWhite,Mountain Adventure,Ski Resort Charity Event,Casual,55
2024-05-06 15:00:00,BigWhite,Snowboarding,Freestyle Ski Show,Casual,100
2023-09-15 12:00:00,BigWhite,Skiing,Ski and Snowboard Festival,Casual,100
2024-04-03 10:00:00,BigWhite,Ski Competitions,Ski Cross Competition,Casual,120
2024-08-28 10:00:00,BigWhite,Snowboarding,Ski-In Movie Night,Casual,100
2024-07-11 16:00:00,BigWhite,Safety Lessons,Ski Patrol Demonstration,Casual,25
2024-08-16 15:00:00,BigWhite,Safety Lessons,Ski Patrol Demonstration,Casual,25
2024-08-01 09:00:00,BigWhite,Apres-Ski,Apres-Ski Party,Casual,30
2023-07-28 10:00:00,BigWhite,Snowboarding,Ski Gear Swap,Casual,100
2025-01-26 14:00:00,BigWhite,Safety Lessons,Ski Patrol Demonstration,Casual,25
2023-10-02 10:00:00,BigWhite,Mountain Adventure,Ski Resort Charity Event,Casual,55
2024-03-02 12:00:00,BigWhite,Skiing,Ski Hill Photography Workshop,Casual,100
2023-11-09 14:00:00,BigWhite,Snowboarding,Ski Gear Swap,Casual,100
2023-07-23 16:00:00,BigWhite,Mountain Dining,Mountain Restaurant Tasting,Casual,50
2023-05-27 13:00:00,BigWhite,Mountain Adventure,Snowshoeing Expedition,Casual,55
2023-09-28 16:00:00,BigWhite,Mountain Adventure,Snowshoeing Expedition,Casual,55
2024-02-21 12:00:00,BigWhite,Ski Competitions,Ski Cross Competition,Casual,120
2023-05-28 10:00:00,BigWhite,Mountain Dining,Mountain Restaurant Tasting,Casual,50
2025-03-12 10:00:00,BigWhite,Mountain Adventure,Ski Resort Charity Event,Casual,55
2023-03-26 16:00:00,BigWhite,Mountain Dining,Mountain Restaurant Tasting,Casual,50
2023-11-24 13:00:00,BigWhite,Skiing,Ski Marathon,Casual,100
2025-03-13 15:00:00,BigWhite,Safety Lessons,Ski Patrol Demonstration,Casual,25
2023-07-05 09:00:00,BigWhite,Skiing,Ski Hill Photography Workshop,Casual,100
2024-05-27 13:00:00,BigWhite,Apres-Ski,Ski Resort Wine Tasting,Casual,30
2023-11-28 14:00:00,BigWhite,Ski Competitions,Ski Cross Competition,Casual,120
2024-11-02 10:00:00,BigWhite,Ski Competitions,Ski Cross Competition,Casual,120
2024-03-20 14:00:00,BigWhite,Apres-Ski,Apres-Ski Party,Casual,30
2023-07-04 12:00:00,BigWhite,Skiing Lessons,Beginner Skiing Lessons,Beginner,70
2024-11-14 14:00:00,BigWhite,Skiing Lessons,Beginner Skiing Lessons,Beginner,70
2024-09-08 16:00:00,BigWhite,Skiing Lessons,Beginner Skiing Lessons,Beginner,70
2023-05-08 10:00:00,BigWhite,Skiing Lessons,Beginner Skiing Lessons,Beginner,70
2024-06-28 14:00:00,BigWhite,Skiing Lessons,Beginner Skiing Lessons,Beginner,70
2025-01-15 09:00:00,BigWhite,Skiing Lessons,Intermediate Skiing Lessons,Intermediate,70
2023-05-15 14:00:00,BigWhite,Skiing Lessons,Intermediate Skiing Lessons,Intermediate,70
2023-11-27 14:00:00,BigWhite,Skiing Lessons,Intermediate Skiing Lessons,Intermediate,70
2025-01-13 16:00:00,BigWhite,Skiing Lessons,Intermediate Skiing Lessons,Intermediate,70
2025-01-15 10:00:00,BigWhite,Skiing Lessons,Intermediate Skiing Lessons,Intermediate,70
2024-05-06 14:00:00,BigWhite,Skiing Lessons,Advanced Skiing Lessons,Advanced,70
2024-09-03 12:00:00,BigWhite,Skiing Lessons,Advanced Skiing Lessons,Advanced,70
2024-07-08 10:00:00,BigWhite,Skiing Lessons,Advanced Skiing Lessons,Advanced,70
2023-07-07 16:00:00,BigWhite,Skiing Lessons,Advanced Skiing Lessons,Advanced,70
2024-06-13 16:00:00,BigWhite,Skiing Lessons,Advanced Skiing Lessons,Advanced,70
2023-12-21 12:00:00,BigWhite,Snowboarding Lessons,Beginner Snowboarding Lessons,Beginner,70
2024-09-16 10:00:00,BigWhite,Snowboarding Lessons,Beginner Snowboarding Lessons,Beginner,70
2023-06-15 16:00:00,BigWhite,Snowboarding Lessons,Beginner Snowboarding Lessons,Beginner,70
2023-08-29 10:00:00,BigWhite,Snowboarding Lessons,Beginner Snowboarding Lessons,Beginner,70
2024-05-29 10:00:00,BigWhite,Snowboarding Lessons,Beginner Snowboarding Lessons,Beginner,70
2025-02-18 16:00:00,BigWhite,Snowboarding Lessons,Intermediate Snowboarding Lessons,Intermediate,70
2024-01-26 11:00:00,BigWhite,Snowboarding Lessons,Intermediate Snowboarding Lessons,Intermediate,70
2024-11-25 13:00:00,BigWhite,Snowboarding Lessons,Intermediate Snowboarding Lessons,Intermediate,70
2023-05-16 09:00:00,BigWhite,Snowboarding Lessons,Intermediate Snowboarding Lessons,Intermediate,70
2023-11-22 13:00:00,BigWhite,Snowboarding Lessons,Intermediate Snowboarding Lessons,Intermediate,70
2024-05-22 10:00:00,BigWhite,Snowboarding Lessons,Advanced Snowboarding Lessons,Advanced,70
2023-09-28 15:00:00,BigWhite,Snowboarding Lessons,Advanced Snowboarding Lessons,Advanced,70
2024-05-28 10:00:00,BigWhite,Snowboarding Lessons,Advanced Snowboarding Lessons,Advanced,70
2023-04-20 10:00:00,BigWhite,Snowboarding Lessons,Advanced Snowboarding Lessons,Advanced,70
2023-12-09 15:00:00,BigWhite,Snowboarding Lessons,Advanced Snowboarding Lessons,Advanced,70
2023-08-12 10:00:00,BigWhite,Ski Racing Lessons,Beginner Ski Racing Lessons,Beginner,100
2023-11-17 11:00:00,BigWhite,Ski Racing Lessons,Beginner Ski Racing Lessons,Beginner,100
2024-06-17 11:00:00,BigWhite,Ski Racing Lessons,Beginner Ski Racing Lessons,Beginner,100
2024-06-11 13:00:00,BigWhite,Ski Racing Lessons,Beginner Ski Racing Lessons,Beginner,100
2024-09-04 10:00:00,BigWhite,Ski Racing Lessons,Beginner Ski Racing Lessons,Beginner,100
2024-07-18 12:00:00,BigWhite,Ski Racing Lessons,Intermediate Ski Racing Lessons,Intermediate,100
2024-10-25 10:00:00,BigWhite,Ski Racing Lessons,Intermediate Ski Racing Lessons,Intermediate,100
2023-08-24 14:00:00,BigWhite,Ski Racing Lessons,Intermediate Ski Racing Lessons,Intermediate,100
2023-06-13 16:00:00,BigWhite,Ski Racing Lessons,Intermediate Ski Racing Lessons,Intermediate,100
2023-05-19 12:00:00,BigWhite,Ski Racing Lessons,Intermediate Ski Racing Lessons,Intermediate,100
2023-10-16 13:00:00,BigWhite,Ski Racing Lessons,Advanced Ski Racing Lessons,Advanced,100
2024-01-08 10:00:00,BigWhite,Ski Racing Lessons,Advanced Ski Racing Lessons,Advanced,100
2024-02-03 11:00:00,BigWhite,Ski Racing Lessons,Advanced Ski Racing Lessons,Advanced,100
2023-12-06 10:00:00,BigWhite,Ski Racing Lessons,Advanced Ski Racing Lessons,Advanced,100
2023-10-06 11:00:00,BigWhite,Ski Racing Lessons,Advanced Ski Racing Lessons,Advanced,100
